[{"model": "netIITD.material", "pk": 1, "fields": {"material_name": "Agriculture", "base_price": 1000.0}}, {"model": "netIITD.material", "pk": 2, "fields": {"material_name": "Electronics", "base_price": 1000.0}}, {"model": "netIITD.material", "pk": 3, "fields": {"material_name": "Machinery", "base_price": 1000.0}}, {"model": "netIITD.material", "pk": 4, "fields": {"material_name": "Oil", "base_price": 1000.0}}, {"model": "netIITD.material", "pk": 5, "fields": {"material_name": "Pharma", "base_price": 1000.0}}, {"model": "netIITD.material", "pk": 6, "fields": {"material_name": "Steel", "base_price": 1000.0}}, {"model": "netIITD.material", "pk": 7, "fields": {"material_name": "Textile", "base_price": 1000.0}}, {"model": "netIITD.company", "pk": 16, "fields": {"com_name": "Fabrica Textiles", "com_type": 7, "com_money": 0.0, "prod_units": 2}}, {"model": "netIITD.company", "pk": 17, "fields": {"com_name": "Green Ferme", "com_type": 1, "com_money": 0.0, "prod_units": 3}}, {"model": "netIITD.company", "pk": 18, "fields": {"com_name": "Elixir", "com_type": 5, "com_money": 51065.0, "prod_units": 2}}, {"model": "netIITD.company", "pk": 19, "fields": {"com_name": "Miyoshi", "com_type": 6, "com_money": 33030.0, "prod_units": 2}}, {"model": "netIITD.company", "pk": 20, "fields": {"com_name": "Olioa", "com_type": 4, "com_money": 0.0, "prod_units": 1}}, {"model": "netIITD.company", "pk": 21, "fields": {"com_name": "Tekhertz", "com_type": 2, "com_money": 0.0, "prod_units": 2}}, {"model": "netIITD.company", "pk": 22, "fields": {"com_name": "Sketch", "com_type": 7, "com_money": 0.0, "prod_units": 3}}, {"model": "netIITD.company", "pk": 23, "fields": {"com_name": "Agrinet", "com_type": 1, "com_money": 0.0, "prod_units": 3}}, {"model": "netIITD.company", "pk": 24, "fields": {"com_name": "Crusaders", "com_type": 5, "com_money": 0.0, "prod_units": 2}}, {"model": "netIITD.company", "pk": 25, "fields": {"com_name": "Metallica", "com_type": 6, "com_money": 0.0, "prod_units": 1}}, {"model": "netIITD.company", "pk": 26, "fields": {"com_name": "Pomadian", "com_type": 4, "com_money": 79775.0, "prod_units": 1}}, {"model": "netIITD.company", "pk": 27, "fields": {"com_name": "Mashi", "com_type": 3, "com_money": 0.0, "prod_units": 2}}, {"model": "netIITD.company", "pk": 28, "fields": {"com_name": "Futuroelectrica", "com_type": 2, "com_money": 0.0, "prod_units": 2}}, {"model": "netIITD.company", "pk": 29, "fields": {"com_name": "The Spartans", "com_type": 7, "com_money": 0.0, "prod_units": 3}}, {"model": "netIITD.company", "pk": 30, "fields": {"com_name": "Agropark", "com_type": 1, "com_money": 23825.0, "prod_units": 2}}, {"model": "netIITD.company", "pk": 31, "fields": {"com_name": "Pizzane", "com_type": 5, "com_money": 0.0, "prod_units": 2}}, {"model": "netIITD.company", "pk": 32, "fields": {"com_name": "Robust steel", "com_type": 6, "com_money": 0.0, "prod_units": 2}}, {"model": "netIITD.company", "pk": 33, "fields": {"com_name": "United oil comp", "com_type": 4, "com_money": 0.0, "prod_units": 2}}, {"model": "netIITD.company", "pk": 34, "fields": {"com_name": "mechtech", "com_type": 3, "com_money": 0.0, "prod_units": 1}}, {"model": "netIITD.company", "pk": 35, "fields": {"com_name": "gearup", "com_type": 3, "com_money": 0.0, "prod_units": 4}}, {"model": "netIITD.commat", "pk": 106, "fields": {"com": 16, "mat": 1, "amt": 0.0}}, {"model": "netIITD.commat", "pk": 107, "fields": {"com": 16, "mat": 2, "amt": 0.0}}, {"model": "netIITD.commat", "pk": 108, "fields": {"com": 16, "mat": 3, "amt": 0.0}}, {"model": "netIITD.commat", "pk": 109, "fields": {"com": 16, "mat": 4, "amt": 12.0}}, {"model": "netIITD.commat", "pk": 110, "fields": {"com": 16, "mat": 5, "amt": 0.0}}, {"model": "netIITD.commat", "pk": 111, "fields": {"com": 16, "mat": 6, "amt": 0.0}}, {"model": "netIITD.commat", "pk": 112, "fields": {"com": 16, "mat": 7, "amt": 12.0}}, {"model": "netIITD.commat", "pk": 113, "fields": {"com": 17, "mat": 1, "amt": 0.0}}, {"model": "netIITD.commat", "pk": 114, "fields": {"com": 17, "mat": 2, "amt": 0.0}}, {"model": "netIITD.commat", "pk": 115, "fields": {"com": 17, "mat": 3, "amt": 0.0}}, {"model": "netIITD.commat", "pk": 116, "fields": {"com": 17, "mat": 4, "amt": 0.0}}, {"model": "netIITD.commat", "pk": 117, "fields": {"com": 17, "mat": 5, "amt": 0.0}}, {"model": "netIITD.commat", "pk": 118, "fields": {"com": 17, "mat": 6, "amt": 0.0}}, {"model": "netIITD.commat", "pk": 119, "fields": {"com": 17, "mat": 7, "amt": 30.0}}, {"model": "netIITD.commat", "pk": 120, "fields": {"com": 18, "mat": 1, "amt": 0.0}}, {"model": "netIITD.commat", "pk": 121, "fields": {"com": 18, "mat": 2, "amt": 0.0}}, {"model": "netIITD.commat", "pk": 122, "fields": {"com": 18, "mat": 3, "amt": 0.0}}, {"model": "netIITD.commat", "pk": 123, "fields": {"com": 18, "mat": 4, "amt": 0.0}}, {"model": "netIITD.commat", "pk": 124, "fields": {"com": 18, "mat": 5, "amt": 0.0}}, {"model": "netIITD.commat", "pk": 125, "fields": {"com": 18, "mat": 6, "amt": 0.0}}, {"model": "netIITD.commat", "pk": 126, "fields": {"com": 18, "mat": 7, "amt": 0.0}}, {"model": "netIITD.commat", "pk": 127, "fields": {"com": 19, "mat": 1, "amt": 0.0}}, {"model": "netIITD.commat", "pk": 128, "fields": {"com": 19, "mat": 2, "amt": 0.0}}, {"model": "netIITD.commat", "pk": 129, "fields": {"com": 19, "mat": 3, "amt": 0.0}}, {"model": "netIITD.commat", "pk": 130, "fields": {"com": 19, "mat": 4, "amt": 20.0}}, {"model": "netIITD.commat", "pk": 131, "fields": {"com": 19, "mat": 5, "amt": 0.0}}, {"model": "netIITD.commat", "pk": 132, "fields": {"com": 19, "mat": 6, "amt": 0.0}}, {"model": "netIITD.commat", "pk": 133, "fields": {"com": 19, "mat": 7, "amt": 0.0}}, {"model": "netIITD.commat", "pk": 134, "fields": {"com": 20, "mat": 1, "amt": 0.0}}, {"model": "netIITD.commat", "pk": 135, "fields": {"com": 20, "mat": 2, "amt": 0.0}}, {"model": "netIITD.commat", "pk": 136, "fields": {"com": 20, "mat": 3, "amt": 0.0}}, {"model": "netIITD.commat", "pk": 137, "fields": {"com": 20, "mat": 4, "amt": 22.0}}, {"model": "netIITD.commat", "pk": 138, "fields": {"com": 20, "mat": 5, "amt": 0.0}}, {"model": "netIITD.commat", "pk": 139, "fields": {"com": 20, "mat": 6, "amt": 0.0}}, {"model": "netIITD.commat", "pk": 140, "fields": {"com": 20, "mat": 7, "amt": 0.0}}, {"model": "netIITD.commat", "pk": 141, "fields": {"com": 21, "mat": 1, "amt": 0.0}}, {"model": "netIITD.commat", "pk": 142, "fields": {"com": 21, "mat": 2, "amt": 44.0}}, {"model": "netIITD.commat", "pk": 143, "fields": {"com": 21, "mat": 3, "amt": 0.0}}, {"model": "netIITD.commat", "pk": 144, "fields": {"com": 21, "mat": 4, "amt": 0.0}}, {"model": "netIITD.commat", "pk": 145, "fields": {"com": 21, "mat": 5, "amt": 0.0}}, {"model": "netIITD.commat", "pk": 146, "fields": {"com": 21, "mat": 6, "amt": 0.0}}, {"model": "netIITD.commat", "pk": 147, "fields": {"com": 21, "mat": 7, "amt": 6.0}}, {"model": "netIITD.commat", "pk": 148, "fields": {"com": 22, "mat": 1, "amt": 0.0}}, {"model": "netIITD.commat", "pk": 149, "fields": {"com": 22, "mat": 2, "amt": 0.0}}, {"model": "netIITD.commat", "pk": 150, "fields": {"com": 22, "mat": 3, "amt": 0.0}}, {"model": "netIITD.commat", "pk": 151, "fields": {"com": 22, "mat": 4, "amt": 0.0}}, {"model": "netIITD.commat", "pk": 152, "fields": {"com": 22, "mat": 5, "amt": 0.0}}, {"model": "netIITD.commat", "pk": 153, "fields": {"com": 22, "mat": 6, "amt": 0.0}}, {"model": "netIITD.commat", "pk": 154, "fields": {"com": 22, "mat": 7, "amt": 0.0}}, {"model": "netIITD.commat", "pk": 155, "fields": {"com": 23, "mat": 1, "amt": 2.0}}, {"model": "netIITD.commat", "pk": 156, "fields": {"com": 23, "mat": 2, "amt": 0.0}}, {"model": "netIITD.commat", "pk": 157, "fields": {"com": 23, "mat": 3, "amt": 0.0}}, {"model": "netIITD.commat", "pk": 158, "fields": {"com": 23, "mat": 4, "amt": 0.0}}, {"model": "netIITD.commat", "pk": 159, "fields": {"com": 23, "mat": 5, "amt": 14.0}}, {"model": "netIITD.commat", "pk": 160, "fields": {"com": 23, "mat": 6, "amt": 0.0}}, {"model": "netIITD.commat", "pk": 161, "fields": {"com": 23, "mat": 7, "amt": 10.0}}, {"model": "netIITD.commat", "pk": 162, "fields": {"com": 24, "mat": 1, "amt": 0.0}}, {"model": "netIITD.commat", "pk": 163, "fields": {"com": 24, "mat": 2, "amt": 0.0}}, {"model": "netIITD.commat", "pk": 164, "fields": {"com": 24, "mat": 3, "amt": 0.0}}, {"model": "netIITD.commat", "pk": 165, "fields": {"com": 24, "mat": 4, "amt": 0.0}}, {"model": "netIITD.commat", "pk": 166, "fields": {"com": 24, "mat": 5, "amt": 39.0}}, {"model": "netIITD.commat", "pk": 167, "fields": {"com": 24, "mat": 6, "amt": 0.0}}, {"model": "netIITD.commat", "pk": 168, "fields": {"com": 24, "mat": 7, "amt": 0.0}}, {"model": "netIITD.commat", "pk": 169, "fields": {"com": 25, "mat": 1, "amt": 20.0}}, {"model": "netIITD.commat", "pk": 170, "fields": {"com": 25, "mat": 2, "amt": 0.0}}, {"model": "netIITD.commat", "pk": 171, "fields": {"com": 25, "mat": 3, "amt": 0.0}}, {"model": "netIITD.commat", "pk": 172, "fields": {"com": 25, "mat": 4, "amt": 0.0}}, {"model": "netIITD.commat", "pk": 173, "fields": {"com": 25, "mat": 5, "amt": 20.0}}, {"model": "netIITD.commat", "pk": 174, "fields": {"com": 25, "mat": 6, "amt": 52.0}}, {"model": "netIITD.commat", "pk": 175, "fields": {"com": 25, "mat": 7, "amt": 0.0}}, {"model": "netIITD.commat", "pk": 176, "fields": {"com": 26, "mat": 1, "amt": 0.0}}, {"model": "netIITD.commat", "pk": 177, "fields": {"com": 26, "mat": 2, "amt": 45.0}}, {"model": "netIITD.commat", "pk": 178, "fields": {"com": 26, "mat": 3, "amt": 9.0}}, {"model": "netIITD.commat", "pk": 179, "fields": {"com": 26, "mat": 4, "amt": 0.0}}, {"model": "netIITD.commat", "pk": 180, "fields": {"com": 26, "mat": 5, "amt": 0.0}}, {"model": "netIITD.commat", "pk": 181, "fields": {"com": 26, "mat": 6, "amt": 0.0}}, {"model": "netIITD.commat", "pk": 182, "fields": {"com": 26, "mat": 7, "amt": 0.0}}, {"model": "netIITD.commat", "pk": 183, "fields": {"com": 27, "mat": 1, "amt": 0.0}}, {"model": "netIITD.commat", "pk": 184, "fields": {"com": 27, "mat": 2, "amt": 0.0}}, {"model": "netIITD.commat", "pk": 185, "fields": {"com": 27, "mat": 3, "amt": 25.0}}, {"model": "netIITD.commat", "pk": 186, "fields": {"com": 27, "mat": 4, "amt": 0.0}}, {"model": "netIITD.commat", "pk": 187, "fields": {"com": 27, "mat": 5, "amt": 0.0}}, {"model": "netIITD.commat", "pk": 188, "fields": {"com": 27, "mat": 6, "amt": 0.0}}, {"model": "netIITD.commat", "pk": 189, "fields": {"com": 27, "mat": 7, "amt": 2.0}}, {"model": "netIITD.commat", "pk": 190, "fields": {"com": 28, "mat": 1, "amt": 80.0}}, {"model": "netIITD.commat", "pk": 191, "fields": {"com": 28, "mat": 2, "amt": 64.0}}, {"model": "netIITD.commat", "pk": 192, "fields": {"com": 28, "mat": 3, "amt": 0.0}}, {"model": "netIITD.commat", "pk": 193, "fields": {"com": 28, "mat": 4, "amt": 0.0}}, {"model": "netIITD.commat", "pk": 194, "fields": {"com": 28, "mat": 5, "amt": 0.0}}, {"model": "netIITD.commat", "pk": 195, "fields": {"com": 28, "mat": 6, "amt": 0.0}}, {"model": "netIITD.commat", "pk": 196, "fields": {"com": 28, "mat": 7, "amt": 0.0}}, {"model": "netIITD.commat", "pk": 197, "fields": {"com": 29, "mat": 1, "amt": 0.0}}, {"model": "netIITD.commat", "pk": 198, "fields": {"com": 29, "mat": 2, "amt": 0.0}}, {"model": "netIITD.commat", "pk": 199, "fields": {"com": 29, "mat": 3, "amt": 0.0}}, {"model": "netIITD.commat", "pk": 200, "fields": {"com": 29, "mat": 4, "amt": 8.0}}, {"model": "netIITD.commat", "pk": 201, "fields": {"com": 29, "mat": 5, "amt": 0.0}}, {"model": "netIITD.commat", "pk": 202, "fields": {"com": 29, "mat": 6, "amt": 0.0}}, {"model": "netIITD.commat", "pk": 203, "fields": {"com": 29, "mat": 7, "amt": 22.0}}, {"model": "netIITD.commat", "pk": 204, "fields": {"com": 30, "mat": 1, "amt": 0.0}}, {"model": "netIITD.commat", "pk": 205, "fields": {"com": 30, "mat": 2, "amt": 0.0}}, {"model": "netIITD.commat", "pk": 206, "fields": {"com": 30, "mat": 3, "amt": 0.0}}, {"model": "netIITD.commat", "pk": 207, "fields": {"com": 30, "mat": 4, "amt": 0.0}}, {"model": "netIITD.commat", "pk": 208, "fields": {"com": 30, "mat": 5, "amt": 0.0}}, {"model": "netIITD.commat", "pk": 209, "fields": {"com": 30, "mat": 6, "amt": 0.0}}, {"model": "netIITD.commat", "pk": 210, "fields": {"com": 30, "mat": 7, "amt": 0.0}}, {"model": "netIITD.commat", "pk": 211, "fields": {"com": 31, "mat": 1, "amt": 0.0}}, {"model": "netIITD.commat", "pk": 212, "fields": {"com": 31, "mat": 2, "amt": 0.0}}, {"model": "netIITD.commat", "pk": 213, "fields": {"com": 31, "mat": 3, "amt": 6.0}}, {"model": "netIITD.commat", "pk": 214, "fields": {"com": 31, "mat": 4, "amt": 0.0}}, {"model": "netIITD.commat", "pk": 215, "fields": {"com": 31, "mat": 5, "amt": 78.0}}, {"model": "netIITD.commat", "pk": 216, "fields": {"com": 31, "mat": 6, "amt": 0.0}}, {"model": "netIITD.commat", "pk": 217, "fields": {"com": 31, "mat": 7, "amt": 0.0}}, {"model": "netIITD.commat", "pk": 218, "fields": {"com": 32, "mat": 1, "amt": 0.0}}, {"model": "netIITD.commat", "pk": 219, "fields": {"com": 32, "mat": 2, "amt": 0.0}}, {"model": "netIITD.commat", "pk": 220, "fields": {"com": 32, "mat": 3, "amt": 0.0}}, {"model": "netIITD.commat", "pk": 221, "fields": {"com": 32, "mat": 4, "amt": 0.0}}, {"model": "netIITD.commat", "pk": 222, "fields": {"com": 32, "mat": 5, "amt": 0.0}}, {"model": "netIITD.commat", "pk": 223, "fields": {"com": 32, "mat": 6, "amt": 30.0}}, {"model": "netIITD.commat", "pk": 224, "fields": {"com": 32, "mat": 7, "amt": 0.0}}, {"model": "netIITD.commat", "pk": 225, "fields": {"com": 33, "mat": 1, "amt": 0.0}}, {"model": "netIITD.commat", "pk": 226, "fields": {"com": 33, "mat": 2, "amt": 10.0}}, {"model": "netIITD.commat", "pk": 227, "fields": {"com": 33, "mat": 3, "amt": 0.0}}, {"model": "netIITD.commat", "pk": 228, "fields": {"com": 33, "mat": 4, "amt": 52.0}}, {"model": "netIITD.commat", "pk": 229, "fields": {"com": 33, "mat": 5, "amt": 0.0}}, {"model": "netIITD.commat", "pk": 230, "fields": {"com": 33, "mat": 6, "amt": 0.0}}, {"model": "netIITD.commat", "pk": 231, "fields": {"com": 33, "mat": 7, "amt": 0.0}}, {"model": "netIITD.commat", "pk": 232, "fields": {"com": 34, "mat": 1, "amt": 0.0}}, {"model": "netIITD.commat", "pk": 233, "fields": {"com": 34, "mat": 2, "amt": 35.0}}, {"model": "netIITD.commat", "pk": 234, "fields": {"com": 34, "mat": 3, "amt": 18.0}}, {"model": "netIITD.commat", "pk": 235, "fields": {"com": 34, "mat": 4, "amt": 0.0}}, {"model": "netIITD.commat", "pk": 236, "fields": {"com": 34, "mat": 5, "amt": 0.0}}, {"model": "netIITD.commat", "pk": 237, "fields": {"com": 34, "mat": 6, "amt": 0.0}}, {"model": "netIITD.commat", "pk": 238, "fields": {"com": 34, "mat": 7, "amt": 0.0}}, {"model": "netIITD.commat", "pk": 239, "fields": {"com": 35, "mat": 1, "amt": 20.0}}, {"model": "netIITD.commat", "pk": 240, "fields": {"com": 35, "mat": 2, "amt": 32.0}}, {"model": "netIITD.commat", "pk": 241, "fields": {"com": 35, "mat": 3, "amt": 132.0}}, {"model": "netIITD.commat", "pk": 242, "fields": {"com": 35, "mat": 4, "amt": 0.0}}, {"model": "netIITD.commat", "pk": 243, "fields": {"com": 35, "mat": 5, "amt": 0.0}}, {"model": "netIITD.commat", "pk": 244, "fields": {"com": 35, "mat": 6, "amt": 0.0}}, {"model": "netIITD.commat", "pk": 245, "fields": {"com": 35, "mat": 7, "amt": 0.0}}, {"model": "netIITD.nation", "pk": 6, "fields": {"nation_name": "Giza", "nation_money": 197000.0, "prod_units": 0}}, {"model": "netIITD.nation", "pk": 7, "fields": {"nation_name": "Atlantis", "nation_money": 138550.0, "prod_units": 0}}, {"model": "netIITD.nation", "pk": 8, "fields": {"nation_name": "Westeros", "nation_money": 220000.0, "prod_units": 0}}, {"model": "netIITD.nation", "pk": 9, "fields": {"nation_name": "Republic of Avlon", "nation_money": 227000.0, "prod_units": 0}}, {"model": "netIITD.nation", "pk": 10, "fields": {"nation_name": "Damai", "nation_money": 133000.0, "prod_units": 0}}, {"model": "netIITD.nation", "pk": 11, "fields": {"nation_name": "Voclor", "nation_money": 117350.0, "prod_units": 1}}, {"model": "netIITD.nation", "pk": 12, "fields": {"nation_name": "Amanistan", "nation_money": 195000.0, "prod_units": 1}}, {"model": "netIITD.nation", "pk": 13, "fields": {"nation_name": "Repubic of Coglant", "nation_money": 207000.0, "prod_units": 0}}, {"model": "netIITD.nation", "pk": 14, "fields": {"nation_name": "Republic of Siah", "nation_money": 148000.0, "prod_units": 0}}, {"model": "netIITD.nation", "pk": 15, "fields": {"nation_name": "Incredible", "nation_money": 185000.0, "prod_units": 0}}, {"model": "netIITD.nation", "pk": 16, "fields": {"nation_name": "The Winterfell", "nation_money": 195000.0, "prod_units": 0}}, {"model": "netIITD.nation", "pk": 17, "fields": {"nation_name": "Falcons", "nation_money": 170000.0, "prod_units": 0}}, {"model": "netIITD.nation", "pk": 18, "fields": {"nation_name": "Matrix", "nation_money": 94550.0, "prod_units": 0}}, {"model": "netIITD.nation", "pk": 19, "fields": {"nation_name": "Euinca", "nation_money": 230000.0, "prod_units": 0}}, {"model": "netIITD.nation", "pk": 20, "fields": {"nation_name": "Victorious Secret", "nation_money": 276000.0, "prod_units": 0}}, {"model": "netIITD.bank", "pk": 4, "fields": {"bank_name": "Easy Cash", "bank_money": 1542492.5, "veto": 94.0}}, {"model": "netIITD.bank", "pk": 5, "fields": {"bank_name": "CREDMAX", "bank_money": 1704040.0, "veto": 92.0}}, {"model": "netIITD.bank", "pk": 6, "fields": {"bank_name": "Bank of Gotham", "bank_money": 1347985.0, "veto": 96.0}}, {"model": "netIITD.bank", "pk": 7, "fields": {"bank_name": "National Bank", "bank_money": 1505117.5, "veto": 98.0}}, {"model": "netIITD.banknation", "pk": 16, "fields": {"nation": 6, "bank": 4, "veto_part": 0.0}}, {"model": "netIITD.banknation", "pk": 17, "fields": {"nation": 6, "bank": 5, "veto_part": 0.0}}, {"model": "netIITD.banknation", "pk": 18, "fields": {"nation": 6, "bank": 6, "veto_part": 0.0}}, {"model": "netIITD.banknation", "pk": 19, "fields": {"nation": 6, "bank": 7, "veto_part": 0.0}}, {"model": "netIITD.banknation", "pk": 20, "fields": {"nation": 7, "bank": 4, "veto_part": 1.0}}, {"model": "netIITD.banknation", "pk": 21, "fields": {"nation": 7, "bank": 5, "veto_part": 1.0}}, {"model": "netIITD.banknation", "pk": 22, "fields": {"nation": 7, "bank": 6, "veto_part": 0.0}}, {"model": "netIITD.banknation", "pk": 23, "fields": {"nation": 7, "bank": 7, "veto_part": 0.0}}, {"model": "netIITD.banknation", "pk": 24, "fields": {"nation": 8, "bank": 4, "veto_part": 0.0}}, {"model": "netIITD.banknation", "pk": 25, "fields": {"nation": 8, "bank": 5, "veto_part": 0.0}}, {"model": "netIITD.banknation", "pk": 26, "fields": {"nation": 8, "bank": 6, "veto_part": 1.0}}, {"model": "netIITD.banknation", "pk": 27, "fields": {"nation": 8, "bank": 7, "veto_part": 1.0}}, {"model": "netIITD.banknation", "pk": 28, "fields": {"nation": 9, "bank": 4, "veto_part": 1.0}}, {"model": "netIITD.banknation", "pk": 29, "fields": {"nation": 9, "bank": 5, "veto_part": 1.0}}, {"model": "netIITD.banknation", "pk": 30, "fields": {"nation": 9, "bank": 6, "veto_part": 1.0}}, {"model": "netIITD.banknation", "pk": 31, "fields": {"nation": 9, "bank": 7, "veto_part": 0.0}}, {"model": "netIITD.banknation", "pk": 32, "fields": {"nation": 10, "bank": 4, "veto_part": 1.0}}, {"model": "netIITD.banknation", "pk": 33, "fields": {"nation": 10, "bank": 5, "veto_part": 0.0}}, {"model": "netIITD.banknation", "pk": 34, "fields": {"nation": 10, "bank": 6, "veto_part": 0.0}}, {"model": "netIITD.banknation", "pk": 35, "fields": {"nation": 10, "bank": 7, "veto_part": 0.0}}, {"model": "netIITD.banknation", "pk": 36, "fields": {"nation": 11, "bank": 4, "veto_part": 0.0}}, {"model": "netIITD.banknation", "pk": 37, "fields": {"nation": 11, "bank": 5, "veto_part": 1.0}}, {"model": "netIITD.banknation", "pk": 38, "fields": {"nation": 11, "bank": 6, "veto_part": 0.0}}, {"model": "netIITD.banknation", "pk": 39, "fields": {"nation": 11, "bank": 7, "veto_part": 0.0}}, {"model": "netIITD.banknation", "pk": 40, "fields": {"nation": 12, "bank": 4, "veto_part": 0.0}}, {"model": "netIITD.banknation", "pk": 41, "fields": {"nation": 12, "bank": 5, "veto_part": 0.0}}, {"model": "netIITD.banknation", "pk": 42, "fields": {"nation": 12, "bank": 6, "veto_part": 0.0}}, {"model": "netIITD.banknation", "pk": 43, "fields": {"nation": 12, "bank": 7, "veto_part": 0.0}}, {"model": "netIITD.banknation", "pk": 44, "fields": {"nation": 13, "bank": 4, "veto_part": 0.0}}, {"model": "netIITD.banknation", "pk": 45, "fields": {"nation": 13, "bank": 5, "veto_part": 0.0}}, {"model": "netIITD.banknation", "pk": 46, "fields": {"nation": 13, "bank": 6, "veto_part": 1.0}}, {"model": "netIITD.banknation", "pk": 47, "fields": {"nation": 13, "bank": 7, "veto_part": 0.0}}, {"model": "netIITD.banknation", "pk": 48, "fields": {"nation": 14, "bank": 4, "veto_part": 1.0}}, {"model": "netIITD.banknation", "pk": 49, "fields": {"nation": 14, "bank": 5, "veto_part": 0.0}}, {"model": "netIITD.banknation", "pk": 50, "fields": {"nation": 14, "bank": 6, "veto_part": 0.0}}, {"model": "netIITD.banknation", "pk": 51, "fields": {"nation": 14, "bank": 7, "veto_part": 0.0}}, {"model": "netIITD.banknation", "pk": 52, "fields": {"nation": 15, "bank": 4, "veto_part": 1.0}}, {"model": "netIITD.banknation", "pk": 53, "fields": {"nation": 15, "bank": 5, "veto_part": 0.0}}, {"model": "netIITD.banknation", "pk": 54, "fields": {"nation": 15, "bank": 6, "veto_part": 0.0}}, {"model": "netIITD.banknation", "pk": 55, "fields": {"nation": 15, "bank": 7, "veto_part": 1.0}}, {"model": "netIITD.banknation", "pk": 56, "fields": {"nation": 16, "bank": 4, "veto_part": 1.0}}, {"model": "netIITD.banknation", "pk": 57, "fields": {"nation": 16, "bank": 5, "veto_part": 1.0}}, {"model": "netIITD.banknation", "pk": 58, "fields": {"nation": 16, "bank": 6, "veto_part": 1.0}}, {"model": "netIITD.banknation", "pk": 59, "fields": {"nation": 16, "bank": 7, "veto_part": 0.0}}, {"model": "netIITD.banknation", "pk": 60, "fields": {"nation": 17, "bank": 4, "veto_part": 0.0}}, {"model": "netIITD.banknation", "pk": 61, "fields": {"nation": 17, "bank": 5, "veto_part": 1.0}}, {"model": "netIITD.banknation", "pk": 62, "fields": {"nation": 17, "bank": 6, "veto_part": 0.0}}, {"model": "netIITD.banknation", "pk": 63, "fields": {"nation": 17, "bank": 7, "veto_part": 0.0}}, {"model": "netIITD.banknation", "pk": 64, "fields": {"nation": 18, "bank": 4, "veto_part": 0.0}}, {"model": "netIITD.banknation", "pk": 65, "fields": {"nation": 18, "bank": 5, "veto_part": 2.0}}, {"model": "netIITD.banknation", "pk": 66, "fields": {"nation": 18, "bank": 6, "veto_part": 0.0}}, {"model": "netIITD.banknation", "pk": 67, "fields": {"nation": 18, "bank": 7, "veto_part": 0.0}}, {"model": "netIITD.banknation", "pk": 68, "fields": {"nation": 19, "bank": 4, "veto_part": 0.0}}, {"model": "netIITD.banknation", "pk": 69, "fields": {"nation": 19, "bank": 5, "veto_part": 1.0}}, {"model": "netIITD.banknation", "pk": 70, "fields": {"nation": 19, "bank": 6, "veto_part": 0.0}}, {"model": "netIITD.banknation", "pk": 71, "fields": {"nation": 19, "bank": 7, "veto_part": 0.0}}, {"model": "netIITD.banknation", "pk": 72, "fields": {"nation": 20, "bank": 4, "veto_part": 0.0}}, {"model": "netIITD.banknation", "pk": 73, "fields": {"nation": 20, "bank": 5, "veto_part": 0.0}}, {"model": "netIITD.banknation", "pk": 74, "fields": {"nation": 20, "bank": 6, "veto_part": 0.0}}, {"model": "netIITD.banknation", "pk": 75, "fields": {"nation": 20, "bank": 7, "veto_part": 0.0}}, {"model": "netIITD.prodreq", "pk": 6, "fields": {"com": 16, "out": 7, "prod_units": 1, "tim": "2016-09-25T04:32:17.300Z"}}, {"model": "netIITD.prodreq", "pk": 7, "fields": {"com": 35, "out": 3, "prod_units": 1, "tim": "2016-09-25T04:36:26.833Z"}}, {"model": "netIITD.prodreq", "pk": 8, "fields": {"com": 33, "out": 4, "prod_units": 1, "tim": "2016-09-25T04:42:10.574Z"}}, {"model": "netIITD.prodreq", "pk": 9, "fields": {"com": 31, "out": 5, "prod_units": 1, "tim": "2016-09-25T04:47:10.577Z"}}, {"model": "netIITD.prodreq", "pk": 10, "fields": {"com": 22, "out": 7, "prod_units": 1, "tim": "2016-09-25T04:50:41.261Z"}}, {"model": "netIITD.prodreq", "pk": 11, "fields": {"com": 18, "out": 5, "prod_units": 1, "tim": "2016-09-25T04:52:19.521Z"}}, {"model": "netIITD.prodreq", "pk": 12, "fields": {"com": 27, "out": 3, "prod_units": 1, "tim": "2016-09-25T04:55:08.413Z"}}, {"model": "netIITD.prodreq", "pk": 13, "fields": {"com": 20, "out": 4, "prod_units": 1, "tim": "2016-09-25T04:56:51.822Z"}}, {"model": "netIITD.prodreq", "pk": 14, "fields": {"com": 20, "out": 4, "prod_units": 1, "tim": "2016-09-25T04:57:08.119Z"}}, {"model": "netIITD.prodreq", "pk": 15, "fields": {"com": 31, "out": 5, "prod_units": 1, "tim": "2016-09-25T04:59:54.096Z"}}, {"model": "netIITD.prodreq", "pk": 16, "fields": {"com": 29, "out": 7, "prod_units": 1, "tim": "2016-09-25T05:01:29.352Z"}}, {"model": "netIITD.prodreq", "pk": 17, "fields": {"com": 22, "out": 7, "prod_units": 1, "tim": "2016-09-25T05:03:56.947Z"}}, {"model": "netIITD.prodreq", "pk": 18, "fields": {"com": 24, "out": 5, "prod_units": 1, "tim": "2016-09-25T05:05:43.291Z"}}, {"model": "netIITD.prodreq", "pk": 19, "fields": {"com": 26, "out": 4, "prod_units": 1, "tim": "2016-09-25T05:11:02.994Z"}}, {"model": "netIITD.prodreq", "pk": 20, "fields": {"com": 17, "out": 1, "prod_units": 1, "tim": "2016-09-25T05:14:51.429Z"}}, {"model": "netIITD.prodreq", "pk": 21, "fields": {"com": 23, "out": 1, "prod_units": 1, "tim": "2016-09-25T05:17:47.534Z"}}, {"model": "netIITD.prodreq", "pk": 22, "fields": {"com": 28, "out": 2, "prod_units": 1, "tim": "2016-09-25T05:18:52.114Z"}}, {"model": "netIITD.prodreq", "pk": 23, "fields": {"com": 28, "out": 2, "prod_units": 1, "tim": "2016-09-25T05:19:13.931Z"}}, {"model": "netIITD.prodreq", "pk": 24, "fields": {"com": 29, "out": 7, "prod_units": 1, "tim": "2016-09-25T05:39:58.279Z"}}, {"model": "netIITD.prodreq", "pk": 25, "fields": {"com": 18, "out": 5, "prod_units": 1, "tim": "2016-09-25T05:55:57.403Z"}}, {"model": "netIITD.prodreq", "pk": 26, "fields": {"com": 27, "out": 3, "prod_units": 1, "tim": "2016-09-25T05:57:22.465Z"}}, {"model": "netIITD.prodtrans", "pk": 5, "fields": {"com1": 21, "com2": 33, "prod_type": 2, "price_per_unit": 1750.0, "prod_units": 10}}, {"model": "netIITD.prodtrans", "pk": 6, "fields": {"com1": 31, "com2": 16, "prod_type": 5, "price_per_unit": 2100.0, "prod_units": 20}}, {"model": "netIITD.prodtrans", "pk": 7, "fields": {"com1": 20, "com2": 16, "prod_type": 4, "price_per_unit": 1800.0, "prod_units": 10}}, {"model": "netIITD.prodtrans", "pk": 8, "fields": {"com1": 21, "com2": 27, "prod_type": 2, "price_per_unit": 1800.0, "prod_units": 10}}, {"model": "netIITD.prodtrans", "pk": 9, "fields": {"com1": 29, "com2": 35, "prod_type": 7, "price_per_unit": 1450.0, "prod_units": 30}}, {"model": "netIITD.prodtrans", "pk": 10, "fields": {"com1": 35, "com2": 33, "prod_type": 3, "price_per_unit": 1750.0, "prod_units": 10}}, {"model": "netIITD.prodtrans", "pk": 11, "fields": {"com1": 28, "com2": 35, "prod_type": 2, "price_per_unit": 1400.0, "prod_units": 10}}, {"model": "netIITD.prodtrans", "pk": 12, "fields": {"com1": 35, "com2": 31, "prod_type": 3, "price_per_unit": 1700.0, "prod_units": 20}}, {"model": "netIITD.prodtrans", "pk": 13, "fields": {"com1": 22, "com2": 23, "prod_type": 7, "price_per_unit": 1650.0, "prod_units": 30}}, {"model": "netIITD.prodtrans", "pk": 14, "fields": {"com1": 27, "com2": 24, "prod_type": 3, "price_per_unit": 1600.0, "prod_units": 10}}, {"model": "netIITD.prodtrans", "pk": 15, "fields": {"com1": 25, "com2": 22, "prod_type": 6, "price_per_unit": 1000.0, "prod_units": 10}}, {"model": "netIITD.prodtrans", "pk": 16, "fields": {"com1": 20, "com2": 24, "prod_type": 4, "price_per_unit": 1800.0, "prod_units": 10}}, {"model": "netIITD.prodtrans", "pk": 17, "fields": {"com1": 16, "com2": 21, "prod_type": 7, "price_per_unit": 1550.0, "prod_units": 20}}, {"model": "netIITD.prodtrans", "pk": 18, "fields": {"com1": 16, "com2": 17, "prod_type": 7, "price_per_unit": 1500.0, "prod_units": 10}}, {"model": "netIITD.prodtrans", "pk": 19, "fields": {"com1": 27, "com2": 18, "prod_type": 3, "price_per_unit": 1600.0, "prod_units": 10}}, {"model": "netIITD.prodtrans", "pk": 20, "fields": {"com1": 20, "com2": 18, "prod_type": 4, "price_per_unit": 1800.0, "prod_units": 10}}, {"model": "netIITD.prodtrans", "pk": 21, "fields": {"com1": 33, "com2": 31, "prod_type": 4, "price_per_unit": 1800.0, "prod_units": 15}}, {"model": "netIITD.prodtrans", "pk": 22, "fields": {"com1": 18, "com2": 29, "prod_type": 5, "price_per_unit": 1650.0, "prod_units": 10}}, {"model": "netIITD.prodtrans", "pk": 23, "fields": {"com1": 24, "com2": 22, "prod_type": 5, "price_per_unit": 2000.0, "prod_units": 15}}, {"model": "netIITD.prodtrans", "pk": 24, "fields": {"com1": 17, "com2": 20, "prod_type": 1, "price_per_unit": 1600.0, "prod_units": 20}}, {"model": "netIITD.prodtrans", "pk": 25, "fields": {"com1": 16, "com2": 17, "prod_type": 7, "price_per_unit": 1500.0, "prod_units": 10}}, {"model": "netIITD.prodtrans", "pk": 26, "fields": {"com1": 30, "com2": 28, "prod_type": 1, "price_per_unit": 1850.0, "prod_units": 30}}, {"model": "netIITD.prodtrans", "pk": 27, "fields": {"com1": 21, "com2": 26, "prod_type": 2, "price_per_unit": 1850.0, "prod_units": 5}}, {"model": "netIITD.prodtrans", "pk": 28, "fields": {"com1": 23, "com2": 27, "prod_type": 1, "price_per_unit": 1700.0, "prod_units": 10}}, {"model": "netIITD.prodtrans", "pk": 29, "fields": {"com1": 31, "com2": 22, "prod_type": 5, "price_per_unit": 2000.0, "prod_units": 20}}, {"model": "netIITD.prodtrans", "pk": 30, "fields": {"com1": 26, "com2": 22, "prod_type": 4, "price_per_unit": 1900.0, "prod_units": 10}}, {"model": "netIITD.prodtrans", "pk": 31, "fields": {"com1": 35, "com2": 20, "prod_type": 3, "price_per_unit": 1700.0, "prod_units": 20}}, {"model": "netIITD.prodtrans", "pk": 32, "fields": {"com1": 26, "com2": 29, "prod_type": 4, "price_per_unit": 1850.0, "prod_units": 10}}, {"model": "netIITD.prodtrans", "pk": 33, "fields": {"com1": 28, "com2": 27, "prod_type": 2, "price_per_unit": 1980.0, "prod_units": 20}}, {"model": "netIITD.prodtrans", "pk": 34, "fields": {"com1": 23, "com2": 26, "prod_type": 1, "price_per_unit": 1800.0, "prod_units": 5}}, {"model": "netIITD.prodtrans", "pk": 35, "fields": {"com1": 23, "com2": 33, "prod_type": 1, "price_per_unit": 1800.0, "prod_units": 10}}, {"model": "netIITD.prodtrans", "pk": 36, "fields": {"com1": 18, "com2": 25, "prod_type": 5, "price_per_unit": 1900.0, "prod_units": 30}}, {"model": "netIITD.prodtrans", "pk": 37, "fields": {"com1": 22, "com2": 17, "prod_type": 7, "price_per_unit": 1800.0, "prod_units": 20}}, {"model": "netIITD.prodtrans", "pk": 38, "fields": {"com1": 27, "com2": 26, "prod_type": 3, "price_per_unit": 1800.0, "prod_units": 4}}, {"model": "netIITD.prodtrans", "pk": 39, "fields": {"com1": 24, "com2": 23, "prod_type": 5, "price_per_unit": 1900.0, "prod_units": 10}}, {"model": "netIITD.prodtrans", "pk": 40, "fields": {"com1": 18, "com2": 17, "prod_type": 5, "price_per_unit": 1800.0, "prod_units": 10}}, {"model": "netIITD.prodtrans", "pk": 41, "fields": {"com1": 29, "com2": 28, "prod_type": 7, "price_per_unit": 1950.0, "prod_units": 20}}, {"model": "netIITD.prodtrans", "pk": 42, "fields": {"com1": 20, "com2": 29, "prod_type": 4, "price_per_unit": 1700.0, "prod_units": 10}}, {"model": "netIITD.prodtrans", "pk": 43, "fields": {"com1": 33, "com2": 19, "prod_type": 4, "price_per_unit": 1750.0, "prod_units": 20}}, {"model": "netIITD.prodtrans", "pk": 44, "fields": {"com1": 22, "com2": 35, "prod_type": 7, "price_per_unit": 1850.0, "prod_units": 24}}, {"model": "netIITD.prodtrans", "pk": 45, "fields": {"com1": 24, "com2": 29, "prod_type": 5, "price_per_unit": 1850.0, "prod_units": 10}}, {"model": "netIITD.prodtrans", "pk": 46, "fields": {"com1": 33, "com2": 31, "prod_type": 4, "price_per_unit": 1850.0, "prod_units": 9}}, {"model": "netIITD.prodtrans", "pk": 47, "fields": {"com1": 26, "com2": 18, "prod_type": 4, "price_per_unit": 1800.0, "prod_units": 10}}, {"model": "netIITD.prodtrans", "pk": 48, "fields": {"com1": 27, "com2": 18, "prod_type": 3, "price_per_unit": 1800.0, "prod_units": 10}}, {"model": "netIITD.prodtrans", "pk": 49, "fields": {"com1": 27, "com2": 24, "prod_type": 3, "price_per_unit": 1650.0, "prod_units": 10}}, {"model": "netIITD.prodtrans", "pk": 50, "fields": {"com1": 16, "com2": 27, "prod_type": 7, "price_per_unit": 1850.0, "prod_units": 12}}, {"model": "netIITD.prodtrans", "pk": 51, "fields": {"com1": 27, "com2": 26, "prod_type": 3, "price_per_unit": 1600.0, "prod_units": 5}}, {"model": "netIITD.prodtrans", "pk": 52, "fields": {"com1": 17, "com2": 25, "prod_type": 1, "price_per_unit": 1000.0, "prod_units": 20}}, {"model": "netIITD.prodtrans", "pk": 53, "fields": {"com1": 19, "com2": 17, "prod_type": 6, "price_per_unit": 1850.0, "prod_units": 12}}, {"model": "netIITD.prodtrans", "pk": 54, "fields": {"com1": 21, "com2": 26, "prod_type": 2, "price_per_unit": 1750.0, "prod_units": 4}}, {"model": "netIITD.prodtrans", "pk": 55, "fields": {"com1": 20, "com2": 16, "prod_type": 4, "price_per_unit": 1800.0, "prod_units": 12}}, {"model": "netIITD.prodtrans", "pk": 56, "fields": {"com1": 29, "com2": 35, "prod_type": 7, "price_per_unit": 1900.0, "prod_units": 24}}, {"model": "netIITD.prodtrans", "pk": 57, "fields": {"com1": 28, "com2": 33, "prod_type": 2, "price_per_unit": 2000.0, "prod_units": 10}}, {"model": "contenttypes.contenttype", "pk": 1, "fields": {"app_label": "netIITD", "model": "material"}}, {"model": "contenttypes.contenttype", "pk": 2, "fields": {"app_label": "netIITD", "model": "company"}}, {"model": "contenttypes.contenttype", "pk": 3, "fields": {"app_label": "netIITD", "model": "bank"}}, {"model": "contenttypes.contenttype", "pk": 4, "fields": {"app_label": "netIITD", "model": "nation"}}, {"model": "contenttypes.contenttype", "pk": 5, "fields": {"app_label": "netIITD", "model": "prodtrans"}}, {"model": "contenttypes.contenttype", "pk": 6, "fields": {"app_label": "netIITD", "model": "banknation"}}, {"model": "contenttypes.contenttype", "pk": 7, "fields": {"app_label": "netIITD", "model": "commat"}}, {"model": "contenttypes.contenttype", "pk": 9, "fields": {"app_label": "netIITD", "model": "purprodhouse"}}, {"model": "contenttypes.contenttype", "pk": 10, "fields": {"app_label": "netIITD", "model": "purbankveto"}}, {"model": "contenttypes.contenttype", "pk": 11, "fields": {"app_label": "netIITD", "model": "prodreq"}}, {"model": "contenttypes.contenttype", "pk": 12, "fields": {"app_label": "netIITD", "model": "loantrans"}}, {"model": "contenttypes.contenttype", "pk": 15, "fields": {"app_label": "djcelery", "model": "workerstate"}}, {"model": "contenttypes.contenttype", "pk": 16, "fields": {"app_label": "djcelery", "model": "periodictasks"}}, {"model": "contenttypes.contenttype", "pk": 17, "fields": {"app_label": "djcelery", "model": "periodictask"}}, {"model": "contenttypes.contenttype", "pk": 18, "fields": {"app_label": "djcelery", "model": "tasksetmeta"}}, {"model": "contenttypes.contenttype", "pk": 19, "fields": {"app_label": "djcelery", "model": "intervalschedule"}}, {"model": "contenttypes.contenttype", "pk": 20, "fields": {"app_label": "djcelery", "model": "crontabschedule"}}, {"model": "contenttypes.contenttype", "pk": 21, "fields": {"app_label": "djcelery", "model": "taskstate"}}, {"model": "contenttypes.contenttype", "pk": 22, "fields": {"app_label": "djcelery", "model": "taskmeta"}}, {"model": "contenttypes.contenttype", "pk": 23, "fields": {"app_label": "kombu_transport_django", "model": "message"}}, {"model": "contenttypes.contenttype", "pk": 24, "fields": {"app_label": "kombu_transport_django", "model": "queue"}}, {"model": "contenttypes.contenttype", "pk": 25, "fields": {"app_label": "admin", "model": "logentry"}}, {"model": "contenttypes.contenttype", "pk": 26, "fields": {"app_label": "auth", "model": "user"}}, {"model": "contenttypes.contenttype", "pk": 27, "fields": {"app_label": "auth", "model": "group"}}, {"model": "contenttypes.contenttype", "pk": 28, "fields": {"app_label": "auth", "model": "permission"}}, {"model": "contenttypes.contenttype", "pk": 29, "fields": {"app_label": "contenttypes", "model": "contenttype"}}, {"model": "contenttypes.contenttype", "pk": 30, "fields": {"app_label": "sessions", "model": "session"}}, {"model": "sessions.session", "pk": "b0c69cl1q8kqngufim0ai6sxeyysgwh5", "fields": {"session_data": "NDYxNWEyYTVlNjExYTQ3MzRjZDJkNjkwZTRjMTM4ZmI2NDRhMWFmMDp7Il9hdXRoX3VzZXJfYmFja2VuZCI6ImRqYW5nby5jb250cmliLmF1dGguYmFja2VuZHMuTW9kZWxCYWNrZW5kIiwiX2F1dGhfdXNlcl9pZCI6IjEiLCJfYXV0aF91c2VyX2hhc2giOiI3MDIxYzY1MmJjZWMyZTE1MjU4ZWFmNzRiYmYyMzcyNDE3MTE2MzBmIn0=", "expire_date": "2016-10-07T22:44:14.541Z"}}, {"model": "sessions.session", "pk": "df94azh0z1wqar68gwk4xaync6bx1am3", "fields": {"session_data": "MDM0MDJmN2I5YTU1NDhjYTlmMTAzYzYyNjAwMjMxYTllNTVhNjUxZjp7Il9hdXRoX3VzZXJfaGFzaCI6IjcwMjFjNjUyYmNlYzJlMTUyNThlYWY3NGJiZjIzNzI0MTcxMTYzMGYiLCJfYXV0aF91c2VyX2JhY2tlbmQiOiJkamFuZ28uY29udHJpYi5hdXRoLmJhY2tlbmRzLk1vZGVsQmFja2VuZCIsIl9hdXRoX3VzZXJfaWQiOiIxIn0=", "expire_date": "2016-10-08T07:07:15.400Z"}}, {"model": "sessions.session", "pk": "wxbvkua19r1xhdfi3mtiv8z0t4amar8s", "fields": {"session_data": "NDYxNWEyYTVlNjExYTQ3MzRjZDJkNjkwZTRjMTM4ZmI2NDRhMWFmMDp7Il9hdXRoX3VzZXJfYmFja2VuZCI6ImRqYW5nby5jb250cmliLmF1dGguYmFja2VuZHMuTW9kZWxCYWNrZW5kIiwiX2F1dGhfdXNlcl9pZCI6IjEiLCJfYXV0aF91c2VyX2hhc2giOiI3MDIxYzY1MmJjZWMyZTE1MjU4ZWFmNzRiYmYyMzcyNDE3MTE2MzBmIn0=", "expire_date": "2016-10-07T22:02:14.610Z"}}, {"model": "auth.permission", "pk": 4, "fields": {"name": "Can add bank nation", "content_type": 6, "codename": "add_banknation"}}, {"model": "auth.permission", "pk": 5, "fields": {"name": "Can change bank nation", "content_type": 6, "codename": "change_banknation"}}, {"model": "auth.permission", "pk": 6, "fields": {"name": "Can delete bank nation", "content_type": 6, "codename": "delete_banknation"}}, {"model": "auth.permission", "pk": 7, "fields": {"name": "Can add pur prod house", "content_type": 9, "codename": "add_purprodhouse"}}, {"model": "auth.permission", "pk": 8, "fields": {"name": "Can change pur prod house", "content_type": 9, "codename": "change_purprodhouse"}}, {"model": "auth.permission", "pk": 9, "fields": {"name": "Can delete pur prod house", "content_type": 9, "codename": "delete_purprodhouse"}}, {"model": "auth.permission", "pk": 10, "fields": {"name": "Can add pur bank veto", "content_type": 10, "codename": "add_purbankveto"}}, {"model": "auth.permission", "pk": 11, "fields": {"name": "Can change pur bank veto", "content_type": 10, "codename": "change_purbankveto"}}, {"model": "auth.permission", "pk": 12, "fields": {"name": "Can delete pur bank veto", "content_type": 10, "codename": "delete_purbankveto"}}, {"model": "auth.permission", "pk": 13, "fields": {"name": "Can add material", "content_type": 1, "codename": "add_material"}}, {"model": "auth.permission", "pk": 14, "fields": {"name": "Can change material", "content_type": 1, "codename": "change_material"}}, {"model": "auth.permission", "pk": 15, "fields": {"name": "Can delete material", "content_type": 1, "codename": "delete_material"}}, {"model": "auth.permission", "pk": 16, "fields": {"name": "Can add prod req", "content_type": 11, "codename": "add_prodreq"}}, {"model": "auth.permission", "pk": 17, "fields": {"name": "Can change prod req", "content_type": 11, "codename": "change_prodreq"}}, {"model": "auth.permission", "pk": 18, "fields": {"name": "Can delete prod req", "content_type": 11, "codename": "delete_prodreq"}}, {"model": "auth.permission", "pk": 19, "fields": {"name": "Can add prod trans", "content_type": 5, "codename": "add_prodtrans"}}, {"model": "auth.permission", "pk": 20, "fields": {"name": "Can change prod trans", "content_type": 5, "codename": "change_prodtrans"}}, {"model": "auth.permission", "pk": 21, "fields": {"name": "Can delete prod trans", "content_type": 5, "codename": "delete_prodtrans"}}, {"model": "auth.permission", "pk": 22, "fields": {"name": "Can add nation", "content_type": 4, "codename": "add_nation"}}, {"model": "auth.permission", "pk": 23, "fields": {"name": "Can change nation", "content_type": 4, "codename": "change_nation"}}, {"model": "auth.permission", "pk": 24, "fields": {"name": "Can delete nation", "content_type": 4, "codename": "delete_nation"}}, {"model": "auth.permission", "pk": 25, "fields": {"name": "Can add bank", "content_type": 3, "codename": "add_bank"}}, {"model": "auth.permission", "pk": 26, "fields": {"name": "Can change bank", "content_type": 3, "codename": "change_bank"}}, {"model": "auth.permission", "pk": 27, "fields": {"name": "Can delete bank", "content_type": 3, "codename": "delete_bank"}}, {"model": "auth.permission", "pk": 28, "fields": {"name": "Can add company", "content_type": 2, "codename": "add_company"}}, {"model": "auth.permission", "pk": 29, "fields": {"name": "Can change company", "content_type": 2, "codename": "change_company"}}, {"model": "auth.permission", "pk": 30, "fields": {"name": "Can delete company", "content_type": 2, "codename": "delete_company"}}, {"model": "auth.permission", "pk": 31, "fields": {"name": "Can add loan trans", "content_type": 12, "codename": "add_loantrans"}}, {"model": "auth.permission", "pk": 32, "fields": {"name": "Can change loan trans", "content_type": 12, "codename": "change_loantrans"}}, {"model": "auth.permission", "pk": 33, "fields": {"name": "Can delete loan trans", "content_type": 12, "codename": "delete_loantrans"}}, {"model": "auth.permission", "pk": 37, "fields": {"name": "Can add com mat", "content_type": 7, "codename": "add_commat"}}, {"model": "auth.permission", "pk": 38, "fields": {"name": "Can change com mat", "content_type": 7, "codename": "change_commat"}}, {"model": "auth.permission", "pk": 39, "fields": {"name": "Can delete com mat", "content_type": 7, "codename": "delete_commat"}}, {"model": "auth.permission", "pk": 43, "fields": {"name": "Can add worker", "content_type": 15, "codename": "add_workerstate"}}, {"model": "auth.permission", "pk": 44, "fields": {"name": "Can change worker", "content_type": 15, "codename": "change_workerstate"}}, {"model": "auth.permission", "pk": 45, "fields": {"name": "Can delete worker", "content_type": 15, "codename": "delete_workerstate"}}, {"model": "auth.permission", "pk": 46, "fields": {"name": "Can add periodic tasks", "content_type": 16, "codename": "add_periodictasks"}}, {"model": "auth.permission", "pk": 47, "fields": {"name": "Can change periodic tasks", "content_type": 16, "codename": "change_periodictasks"}}, {"model": "auth.permission", "pk": 48, "fields": {"name": "Can delete periodic tasks", "content_type": 16, "codename": "delete_periodictasks"}}, {"model": "auth.permission", "pk": 49, "fields": {"name": "Can add periodic task", "content_type": 17, "codename": "add_periodictask"}}, {"model": "auth.permission", "pk": 50, "fields": {"name": "Can change periodic task", "content_type": 17, "codename": "change_periodictask"}}, {"model": "auth.permission", "pk": 51, "fields": {"name": "Can delete periodic task", "content_type": 17, "codename": "delete_periodictask"}}, {"model": "auth.permission", "pk": 52, "fields": {"name": "Can add saved group result", "content_type": 18, "codename": "add_tasksetmeta"}}, {"model": "auth.permission", "pk": 53, "fields": {"name": "Can change saved group result", "content_type": 18, "codename": "change_tasksetmeta"}}, {"model": "auth.permission", "pk": 54, "fields": {"name": "Can delete saved group result", "content_type": 18, "codename": "delete_tasksetmeta"}}, {"model": "auth.permission", "pk": 55, "fields": {"name": "Can add interval", "content_type": 19, "codename": "add_intervalschedule"}}, {"model": "auth.permission", "pk": 56, "fields": {"name": "Can change interval", "content_type": 19, "codename": "change_intervalschedule"}}, {"model": "auth.permission", "pk": 57, "fields": {"name": "Can delete interval", "content_type": 19, "codename": "delete_intervalschedule"}}, {"model": "auth.permission", "pk": 58, "fields": {"name": "Can add crontab", "content_type": 20, "codename": "add_crontabschedule"}}, {"model": "auth.permission", "pk": 59, "fields": {"name": "Can change crontab", "content_type": 20, "codename": "change_crontabschedule"}}, {"model": "auth.permission", "pk": 60, "fields": {"name": "Can delete crontab", "content_type": 20, "codename": "delete_crontabschedule"}}, {"model": "auth.permission", "pk": 61, "fields": {"name": "Can add task", "content_type": 21, "codename": "add_taskstate"}}, {"model": "auth.permission", "pk": 62, "fields": {"name": "Can change task", "content_type": 21, "codename": "change_taskstate"}}, {"model": "auth.permission", "pk": 63, "fields": {"name": "Can delete task", "content_type": 21, "codename": "delete_taskstate"}}, {"model": "auth.permission", "pk": 64, "fields": {"name": "Can add task state", "content_type": 22, "codename": "add_taskmeta"}}, {"model": "auth.permission", "pk": 65, "fields": {"name": "Can change task state", "content_type": 22, "codename": "change_taskmeta"}}, {"model": "auth.permission", "pk": 66, "fields": {"name": "Can delete task state", "content_type": 22, "codename": "delete_taskmeta"}}, {"model": "auth.permission", "pk": 67, "fields": {"name": "Can add message", "content_type": 23, "codename": "add_message"}}, {"model": "auth.permission", "pk": 68, "fields": {"name": "Can change message", "content_type": 23, "codename": "change_message"}}, {"model": "auth.permission", "pk": 69, "fields": {"name": "Can delete message", "content_type": 23, "codename": "delete_message"}}, {"model": "auth.permission", "pk": 70, "fields": {"name": "Can add queue", "content_type": 24, "codename": "add_queue"}}, {"model": "auth.permission", "pk": 71, "fields": {"name": "Can change queue", "content_type": 24, "codename": "change_queue"}}, {"model": "auth.permission", "pk": 72, "fields": {"name": "Can delete queue", "content_type": 24, "codename": "delete_queue"}}, {"model": "auth.permission", "pk": 73, "fields": {"name": "Can add log entry", "content_type": 25, "codename": "add_logentry"}}, {"model": "auth.permission", "pk": 74, "fields": {"name": "Can change log entry", "content_type": 25, "codename": "change_logentry"}}, {"model": "auth.permission", "pk": 75, "fields": {"name": "Can delete log entry", "content_type": 25, "codename": "delete_logentry"}}, {"model": "auth.permission", "pk": 76, "fields": {"name": "Can add user", "content_type": 26, "codename": "add_user"}}, {"model": "auth.permission", "pk": 77, "fields": {"name": "Can change user", "content_type": 26, "codename": "change_user"}}, {"model": "auth.permission", "pk": 78, "fields": {"name": "Can delete user", "content_type": 26, "codename": "delete_user"}}, {"model": "auth.permission", "pk": 79, "fields": {"name": "Can add group", "content_type": 27, "codename": "add_group"}}, {"model": "auth.permission", "pk": 80, "fields": {"name": "Can change group", "content_type": 27, "codename": "change_group"}}, {"model": "auth.permission", "pk": 81, "fields": {"name": "Can delete group", "content_type": 27, "codename": "delete_group"}}, {"model": "auth.permission", "pk": 82, "fields": {"name": "Can add permission", "content_type": 28, "codename": "add_permission"}}, {"model": "auth.permission", "pk": 83, "fields": {"name": "Can change permission", "content_type": 28, "codename": "change_permission"}}, {"model": "auth.permission", "pk": 84, "fields": {"name": "Can delete permission", "content_type": 28, "codename": "delete_permission"}}, {"model": "auth.permission", "pk": 85, "fields": {"name": "Can add content type", "content_type": 29, "codename": "add_contenttype"}}, {"model": "auth.permission", "pk": 86, "fields": {"name": "Can change content type", "content_type": 29, "codename": "change_contenttype"}}, {"model": "auth.permission", "pk": 87, "fields": {"name": "Can delete content type", "content_type": 29, "codename": "delete_contenttype"}}, {"model": "auth.permission", "pk": 88, "fields": {"name": "Can add session", "content_type": 30, "codename": "add_session"}}, {"model": "auth.permission", "pk": 89, "fields": {"name": "Can change session", "content_type": 30, "codename": "change_session"}}, {"model": "auth.permission", "pk": 90, "fields": {"name": "Can delete session", "content_type": 30, "codename": "delete_session"}}, {"model": "auth.user", "pk": 1, "fields": {"password": "pbkdf2_sha256$30000$I7FBaUXAbeFX$bEiXMWzukOWtM2cpacz3Js/aT9tCTHhk/KkPTrJKeEQ=", "last_login": "2016-09-24T07:07:15.395Z", "is_superuser": true, "username": "prakhar0409", "first_name": "", "last_name": "", "email": "prakhar0409@gmail.com", "is_staff": true, "is_active": true, "date_joined": "2016-09-23T22:02:02.624Z", "groups": [], "user_permissions": []}}, {"model": "admin.logentry", "pk": 1, "fields": {"action_time": "2016-09-23T22:02:43.386Z", "user": 1, "content_type": 1, "object_id": "1", "object_repr": "Agriculture", "action_flag": 1, "change_message": "[{\"added\": {}}]"}}, {"model": "admin.logentry", "pk": 2, "fields": {"action_time": "2016-09-23T22:02:51.451Z", "user": 1, "content_type": 1, "object_id": "2", "object_repr": "Electronics", "action_flag": 1, "change_message": "[{\"added\": {}}]"}}, {"model": "admin.logentry", "pk": 3, "fields": {"action_time": "2016-09-23T22:03:00.762Z", "user": 1, "content_type": 1, "object_id": "3", "object_repr": "Machinery", "action_flag": 1, "change_message": "[{\"added\": {}}]"}}, {"model": "admin.logentry", "pk": 4, "fields": {"action_time": "2016-09-23T22:03:04.889Z", "user": 1, "content_type": 1, "object_id": "4", "object_repr": "Oil", "action_flag": 1, "change_message": "[{\"added\": {}}]"}}, {"model": "admin.logentry", "pk": 5, "fields": {"action_time": "2016-09-23T22:03:09.629Z", "user": 1, "content_type": 1, "object_id": "5", "object_repr": "Pharma", "action_flag": 1, "change_message": "[{\"added\": {}}]"}}, {"model": "admin.logentry", "pk": 6, "fields": {"action_time": "2016-09-23T22:03:13.618Z", "user": 1, "content_type": 1, "object_id": "6", "object_repr": "Steel", "action_flag": 1, "change_message": "[{\"added\": {}}]"}}, {"model": "admin.logentry", "pk": 7, "fields": {"action_time": "2016-09-23T22:03:18.804Z", "user": 1, "content_type": 1, "object_id": "7", "object_repr": "Textile", "action_flag": 1, "change_message": "[{\"added\": {}}]"}}, {"model": "admin.logentry", "pk": 8, "fields": {"action_time": "2016-09-23T22:03:42.753Z", "user": 1, "content_type": 2, "object_id": "1", "object_repr": "A", "action_flag": 1, "change_message": "[{\"added\": {}}]"}}, {"model": "admin.logentry", "pk": 9, "fields": {"action_time": "2016-09-23T22:04:03.150Z", "user": 1, "content_type": 2, "object_id": "2", "object_repr": "A2", "action_flag": 1, "change_message": "[{\"added\": {}}]"}}, {"model": "admin.logentry", "pk": 10, "fields": {"action_time": "2016-09-23T22:04:12.123Z", "user": 1, "content_type": 2, "object_id": "3", "object_repr": "A3", "action_flag": 1, "change_message": "[{\"added\": {}}]"}}, {"model": "admin.logentry", "pk": 11, "fields": {"action_time": "2016-09-23T22:04:17.064Z", "user": 1, "content_type": 2, "object_id": "4", "object_repr": "B1", "action_flag": 1, "change_message": "[{\"added\": {}}]"}}, {"model": "admin.logentry", "pk": 12, "fields": {"action_time": "2016-09-23T22:04:21.755Z", "user": 1, "content_type": 2, "object_id": "5", "object_repr": "B2", "action_flag": 1, "change_message": "[{\"added\": {}}]"}}, {"model": "admin.logentry", "pk": 13, "fields": {"action_time": "2016-09-23T22:04:32.988Z", "user": 1, "content_type": 2, "object_id": "6", "object_repr": "C1", "action_flag": 1, "change_message": "[{\"added\": {}}]"}}, {"model": "admin.logentry", "pk": 14, "fields": {"action_time": "2016-09-23T22:04:37.916Z", "user": 1, "content_type": 2, "object_id": "7", "object_repr": "D1", "action_flag": 1, "change_message": "[{\"added\": {}}]"}}, {"model": "admin.logentry", "pk": 15, "fields": {"action_time": "2016-09-23T22:04:45.868Z", "user": 1, "content_type": 2, "object_id": "8", "object_repr": "E1", "action_flag": 1, "change_message": "[{\"added\": {}}]"}}, {"model": "admin.logentry", "pk": 16, "fields": {"action_time": "2016-09-23T22:05:00.242Z", "user": 1, "content_type": 2, "object_id": "9", "object_repr": "F1", "action_flag": 1, "change_message": "[{\"added\": {}}]"}}, {"model": "admin.logentry", "pk": 17, "fields": {"action_time": "2016-09-23T22:05:08.058Z", "user": 1, "content_type": 2, "object_id": "10", "object_repr": "G1", "action_flag": 1, "change_message": "[{\"added\": {}}]"}}, {"model": "admin.logentry", "pk": 18, "fields": {"action_time": "2016-09-23T22:05:19.649Z", "user": 1, "content_type": 3, "object_id": "1", "object_repr": "B1", "action_flag": 1, "change_message": "[{\"added\": {}}]"}}, {"model": "admin.logentry", "pk": 19, "fields": {"action_time": "2016-09-23T22:05:24.813Z", "user": 1, "content_type": 3, "object_id": "2", "object_repr": "B2", "action_flag": 1, "change_message": "[{\"added\": {}}]"}}, {"model": "admin.logentry", "pk": 20, "fields": {"action_time": "2016-09-23T22:05:27.091Z", "user": 1, "content_type": 3, "object_id": "3", "object_repr": "B3", "action_flag": 1, "change_message": "[{\"added\": {}}]"}}, {"model": "admin.logentry", "pk": 21, "fields": {"action_time": "2016-09-23T22:05:37.047Z", "user": 1, "content_type": 4, "object_id": "1", "object_repr": "N1", "action_flag": 1, "change_message": "[{\"added\": {}}]"}}, {"model": "admin.logentry", "pk": 22, "fields": {"action_time": "2016-09-23T22:05:40.030Z", "user": 1, "content_type": 4, "object_id": "2", "object_repr": "N2", "action_flag": 1, "change_message": "[{\"added\": {}}]"}}, {"model": "admin.logentry", "pk": 23, "fields": {"action_time": "2016-09-23T22:05:44.735Z", "user": 1, "content_type": 4, "object_id": "3", "object_repr": "N3", "action_flag": 1, "change_message": "[{\"added\": {}}]"}}, {"model": "admin.logentry", "pk": 24, "fields": {"action_time": "2016-09-23T22:05:47.666Z", "user": 1, "content_type": 4, "object_id": "4", "object_repr": "N4", "action_flag": 1, "change_message": "[{\"added\": {}}]"}}, {"model": "admin.logentry", "pk": 25, "fields": {"action_time": "2016-09-23T22:05:50.223Z", "user": 1, "content_type": 4, "object_id": "5", "object_repr": "N5", "action_flag": 1, "change_message": "[{\"added\": {}}]"}}, {"model": "admin.logentry", "pk": 26, "fields": {"action_time": "2016-09-24T05:56:43.611Z", "user": 1, "content_type": 2, "object_id": "10", "object_repr": "G1", "action_flag": 3, "change_message": ""}}, {"model": "admin.logentry", "pk": 27, "fields": {"action_time": "2016-09-24T05:56:43.617Z", "user": 1, "content_type": 2, "object_id": "9", "object_repr": "F1", "action_flag": 3, "change_message": ""}}, {"model": "admin.logentry", "pk": 28, "fields": {"action_time": "2016-09-24T05:56:43.625Z", "user": 1, "content_type": 2, "object_id": "8", "object_repr": "E1", "action_flag": 3, "change_message": ""}}, {"model": "admin.logentry", "pk": 29, "fields": {"action_time": "2016-09-24T05:56:43.628Z", "user": 1, "content_type": 2, "object_id": "7", "object_repr": "D1", "action_flag": 3, "change_message": ""}}, {"model": "admin.logentry", "pk": 30, "fields": {"action_time": "2016-09-24T05:56:43.632Z", "user": 1, "content_type": 2, "object_id": "6", "object_repr": "C1", "action_flag": 3, "change_message": ""}}, {"model": "admin.logentry", "pk": 31, "fields": {"action_time": "2016-09-24T05:56:43.636Z", "user": 1, "content_type": 2, "object_id": "5", "object_repr": "B2", "action_flag": 3, "change_message": ""}}, {"model": "admin.logentry", "pk": 32, "fields": {"action_time": "2016-09-24T05:56:43.640Z", "user": 1, "content_type": 2, "object_id": "4", "object_repr": "B1", "action_flag": 3, "change_message": ""}}, {"model": "admin.logentry", "pk": 33, "fields": {"action_time": "2016-09-24T05:56:43.644Z", "user": 1, "content_type": 2, "object_id": "3", "object_repr": "A3", "action_flag": 3, "change_message": ""}}, {"model": "admin.logentry", "pk": 34, "fields": {"action_time": "2016-09-24T05:56:43.648Z", "user": 1, "content_type": 2, "object_id": "2", "object_repr": "A2", "action_flag": 3, "change_message": ""}}, {"model": "admin.logentry", "pk": 35, "fields": {"action_time": "2016-09-24T05:56:43.652Z", "user": 1, "content_type": 2, "object_id": "1", "object_repr": "A", "action_flag": 3, "change_message": ""}}, {"model": "admin.logentry", "pk": 36, "fields": {"action_time": "2016-09-24T05:57:21.236Z", "user": 1, "content_type": 2, "object_id": "11", "object_repr": "i", "action_flag": 1, "change_message": "[{\"added\": {}}]"}}, {"model": "admin.logentry", "pk": 37, "fields": {"action_time": "2016-09-24T05:57:35.024Z", "user": 1, "content_type": 2, "object_id": "12", "object_repr": "jokers", "action_flag": 1, "change_message": "[{\"added\": {}}]"}}, {"model": "admin.logentry", "pk": 38, "fields": {"action_time": "2016-09-24T05:57:49.623Z", "user": 1, "content_type": 2, "object_id": "13", "object_repr": "Codeless", "action_flag": 1, "change_message": "[{\"added\": {}}]"}}, {"model": "admin.logentry", "pk": 39, "fields": {"action_time": "2016-09-24T05:58:12.308Z", "user": 1, "content_type": 2, "object_id": "14", "object_repr": "Gameboy", "action_flag": 1, "change_message": "[{\"added\": {}}]"}}, {"model": "admin.logentry", "pk": 40, "fields": {"action_time": "2016-09-24T05:58:19.900Z", "user": 1, "content_type": 2, "object_id": "15", "object_repr": "Bitches", "action_flag": 1, "change_message": "[{\"added\": {}}]"}}, {"model": "admin.logentry", "pk": 41, "fields": {"action_time": "2016-09-24T07:08:34.137Z", "user": 1, "content_type": 3, "object_id": "3", "object_repr": "B3", "action_flag": 3, "change_message": ""}}, {"model": "admin.logentry", "pk": 42, "fields": {"action_time": "2016-09-24T07:08:34.140Z", "user": 1, "content_type": 3, "object_id": "2", "object_repr": "B2", "action_flag": 3, "change_message": ""}}, {"model": "admin.logentry", "pk": 43, "fields": {"action_time": "2016-09-24T07:08:34.144Z", "user": 1, "content_type": 3, "object_id": "1", "object_repr": "B1", "action_flag": 3, "change_message": ""}}, {"model": "admin.logentry", "pk": 44, "fields": {"action_time": "2016-09-24T07:09:23.793Z", "user": 1, "content_type": 3, "object_id": "4", "object_repr": "Easy Cash", "action_flag": 1, "change_message": "[{\"added\": {}}]"}}, {"model": "admin.logentry", "pk": 45, "fields": {"action_time": "2016-09-24T07:09:39.178Z", "user": 1, "content_type": 3, "object_id": "5", "object_repr": "CREDMAX", "action_flag": 1, "change_message": "[{\"added\": {}}]"}}, {"model": "admin.logentry", "pk": 46, "fields": {"action_time": "2016-09-24T07:09:51.222Z", "user": 1, "content_type": 3, "object_id": "6", "object_repr": "Bank of Gotham", "action_flag": 1, "change_message": "[{\"added\": {}}]"}}, {"model": "admin.logentry", "pk": 47, "fields": {"action_time": "2016-09-24T07:10:00.876Z", "user": 1, "content_type": 3, "object_id": "7", "object_repr": "National Bank", "action_flag": 1, "change_message": "[{\"added\": {}}]"}}, {"model": "admin.logentry", "pk": 48, "fields": {"action_time": "2016-09-24T07:10:33.019Z", "user": 1, "content_type": 4, "object_id": "5", "object_repr": "N5", "action_flag": 3, "change_message": ""}}, {"model": "admin.logentry", "pk": 49, "fields": {"action_time": "2016-09-24T07:10:33.024Z", "user": 1, "content_type": 4, "object_id": "4", "object_repr": "N4", "action_flag": 3, "change_message": ""}}, {"model": "admin.logentry", "pk": 50, "fields": {"action_time": "2016-09-24T07:10:33.029Z", "user": 1, "content_type": 4, "object_id": "3", "object_repr": "N3", "action_flag": 3, "change_message": ""}}, {"model": "admin.logentry", "pk": 51, "fields": {"action_time": "2016-09-24T07:10:33.033Z", "user": 1, "content_type": 4, "object_id": "2", "object_repr": "N2", "action_flag": 3, "change_message": ""}}, {"model": "admin.logentry", "pk": 52, "fields": {"action_time": "2016-09-24T07:10:33.037Z", "user": 1, "content_type": 4, "object_id": "1", "object_repr": "N1", "action_flag": 3, "change_message": ""}}, {"model": "admin.logentry", "pk": 53, "fields": {"action_time": "2016-09-24T07:11:41.314Z", "user": 1, "content_type": 4, "object_id": "6", "object_repr": "Giza", "action_flag": 1, "change_message": "[{\"added\": {}}]"}}, {"model": "admin.logentry", "pk": 54, "fields": {"action_time": "2016-09-24T07:11:47.477Z", "user": 1, "content_type": 4, "object_id": "7", "object_repr": "Atlantis", "action_flag": 1, "change_message": "[{\"added\": {}}]"}}, {"model": "admin.logentry", "pk": 55, "fields": {"action_time": "2016-09-24T07:11:51.223Z", "user": 1, "content_type": 4, "object_id": "8", "object_repr": "Westeros", "action_flag": 1, "change_message": "[{\"added\": {}}]"}}, {"model": "admin.logentry", "pk": 56, "fields": {"action_time": "2016-09-24T07:11:59.585Z", "user": 1, "content_type": 4, "object_id": "9", "object_repr": "Republic of Avlon", "action_flag": 1, "change_message": "[{\"added\": {}}]"}}, {"model": "admin.logentry", "pk": 57, "fields": {"action_time": "2016-09-24T07:12:04.790Z", "user": 1, "content_type": 4, "object_id": "10", "object_repr": "Damai", "action_flag": 1, "change_message": "[{\"added\": {}}]"}}, {"model": "admin.logentry", "pk": 58, "fields": {"action_time": "2016-09-24T07:13:00.907Z", "user": 1, "content_type": 4, "object_id": "11", "object_repr": "Voclor", "action_flag": 1, "change_message": "[{\"added\": {}}]"}}, {"model": "admin.logentry", "pk": 59, "fields": {"action_time": "2016-09-24T07:13:32.441Z", "user": 1, "content_type": 4, "object_id": "12", "object_repr": "Amanistan", "action_flag": 1, "change_message": "[{\"added\": {}}]"}}, {"model": "admin.logentry", "pk": 60, "fields": {"action_time": "2016-09-24T07:14:10.673Z", "user": 1, "content_type": 4, "object_id": "13", "object_repr": "Repubic of Coglant", "action_flag": 1, "change_message": "[{\"added\": {}}]"}}, {"model": "admin.logentry", "pk": 61, "fields": {"action_time": "2016-09-24T07:14:32.182Z", "user": 1, "content_type": 4, "object_id": "14", "object_repr": "Republic of Siah", "action_flag": 1, "change_message": "[{\"added\": {}}]"}}, {"model": "admin.logentry", "pk": 62, "fields": {"action_time": "2016-09-24T07:15:48.961Z", "user": 1, "content_type": 4, "object_id": "15", "object_repr": "Incredible", "action_flag": 1, "change_message": "[{\"added\": {}}]"}}, {"model": "admin.logentry", "pk": 63, "fields": {"action_time": "2016-09-24T07:15:55.745Z", "user": 1, "content_type": 4, "object_id": "16", "object_repr": "The Winterfell", "action_flag": 1, "change_message": "[{\"added\": {}}]"}}, {"model": "admin.logentry", "pk": 64, "fields": {"action_time": "2016-09-24T07:16:02.320Z", "user": 1, "content_type": 4, "object_id": "17", "object_repr": "Falcons", "action_flag": 1, "change_message": "[{\"added\": {}}]"}}, {"model": "admin.logentry", "pk": 65, "fields": {"action_time": "2016-09-24T07:16:11.095Z", "user": 1, "content_type": 4, "object_id": "18", "object_repr": "Matrix", "action_flag": 1, "change_message": "[{\"added\": {}}]"}}, {"model": "admin.logentry", "pk": 66, "fields": {"action_time": "2016-09-24T07:16:19.556Z", "user": 1, "content_type": 4, "object_id": "19", "object_repr": "Euinca", "action_flag": 1, "change_message": "[{\"added\": {}}]"}}, {"model": "admin.logentry", "pk": 67, "fields": {"action_time": "2016-09-24T07:16:59.355Z", "user": 1, "content_type": 4, "object_id": "20", "object_repr": "Victorious Secret", "action_flag": 1, "change_message": "[{\"added\": {}}]"}}, {"model": "admin.logentry", "pk": 68, "fields": {"action_time": "2016-09-24T09:12:08.629Z", "user": 1, "content_type": 2, "object_id": "15", "object_repr": "Bitches", "action_flag": 3, "change_message": ""}}, {"model": "admin.logentry", "pk": 69, "fields": {"action_time": "2016-09-24T09:12:08.634Z", "user": 1, "content_type": 2, "object_id": "14", "object_repr": "Gameboy", "action_flag": 3, "change_message": ""}}, {"model": "admin.logentry", "pk": 70, "fields": {"action_time": "2016-09-24T09:12:08.638Z", "user": 1, "content_type": 2, "object_id": "13", "object_repr": "Codeless", "action_flag": 3, "change_message": ""}}, {"model": "admin.logentry", "pk": 71, "fields": {"action_time": "2016-09-24T09:12:08.642Z", "user": 1, "content_type": 2, "object_id": "12", "object_repr": "jokers", "action_flag": 3, "change_message": ""}}, {"model": "admin.logentry", "pk": 72, "fields": {"action_time": "2016-09-24T09:12:08.646Z", "user": 1, "content_type": 2, "object_id": "11", "object_repr": "i", "action_flag": 3, "change_message": ""}}, {"model": "admin.logentry", "pk": 73, "fields": {"action_time": "2016-09-24T09:12:49.374Z", "user": 1, "content_type": 2, "object_id": "16", "object_repr": "Fabrica Textiles", "action_flag": 1, "change_message": "[{\"added\": {}}]"}}, {"model": "admin.logentry", "pk": 74, "fields": {"action_time": "2016-09-24T09:13:16.949Z", "user": 1, "content_type": 2, "object_id": "17", "object_repr": "Green Ferme", "action_flag": 1, "change_message": "[{\"added\": {}}]"}}, {"model": "admin.logentry", "pk": 75, "fields": {"action_time": "2016-09-24T09:13:32.592Z", "user": 1, "content_type": 2, "object_id": "18", "object_repr": "Elixir", "action_flag": 1, "change_message": "[{\"added\": {}}]"}}, {"model": "admin.logentry", "pk": 76, "fields": {"action_time": "2016-09-24T09:13:58.813Z", "user": 1, "content_type": 2, "object_id": "19", "object_repr": "Miyoshi", "action_flag": 1, "change_message": "[{\"added\": {}}]"}}, {"model": "admin.logentry", "pk": 77, "fields": {"action_time": "2016-09-24T09:14:12.393Z", "user": 1, "content_type": 2, "object_id": "20", "object_repr": "Olioa", "action_flag": 1, "change_message": "[{\"added\": {}}]"}}, {"model": "admin.logentry", "pk": 78, "fields": {"action_time": "2016-09-24T09:14:21.902Z", "user": 1, "content_type": 2, "object_id": "21", "object_repr": "Tekhertz", "action_flag": 1, "change_message": "[{\"added\": {}}]"}}, {"model": "admin.logentry", "pk": 79, "fields": {"action_time": "2016-09-24T09:14:33.689Z", "user": 1, "content_type": 2, "object_id": "22", "object_repr": "Sketch", "action_flag": 1, "change_message": "[{\"added\": {}}]"}}, {"model": "admin.logentry", "pk": 80, "fields": {"action_time": "2016-09-24T09:16:16.378Z", "user": 1, "content_type": 2, "object_id": "23", "object_repr": "Agrinet", "action_flag": 1, "change_message": "[{\"added\": {}}]"}}, {"model": "admin.logentry", "pk": 81, "fields": {"action_time": "2016-09-24T09:16:32.242Z", "user": 1, "content_type": 2, "object_id": "24", "object_repr": "Crusaders", "action_flag": 1, "change_message": "[{\"added\": {}}]"}}, {"model": "admin.logentry", "pk": 82, "fields": {"action_time": "2016-09-24T09:16:43.018Z", "user": 1, "content_type": 2, "object_id": "25", "object_repr": "Metallica", "action_flag": 1, "change_message": "[{\"added\": {}}]"}}, {"model": "admin.logentry", "pk": 83, "fields": {"action_time": "2016-09-24T09:16:51.996Z", "user": 1, "content_type": 2, "object_id": "26", "object_repr": "Pomadian", "action_flag": 1, "change_message": "[{\"added\": {}}]"}}, {"model": "admin.logentry", "pk": 84, "fields": {"action_time": "2016-09-24T09:17:01.078Z", "user": 1, "content_type": 2, "object_id": "27", "object_repr": "Mashi", "action_flag": 1, "change_message": "[{\"added\": {}}]"}}, {"model": "admin.logentry", "pk": 85, "fields": {"action_time": "2016-09-24T09:17:11.517Z", "user": 1, "content_type": 2, "object_id": "28", "object_repr": "Futuroelectrica", "action_flag": 1, "change_message": "[{\"added\": {}}]"}}, {"model": "admin.logentry", "pk": 86, "fields": {"action_time": "2016-09-24T09:17:20.721Z", "user": 1, "content_type": 2, "object_id": "29", "object_repr": "The Spartans", "action_flag": 1, "change_message": "[{\"added\": {}}]"}}, {"model": "admin.logentry", "pk": 87, "fields": {"action_time": "2016-09-24T09:17:29.168Z", "user": 1, "content_type": 2, "object_id": "30", "object_repr": "Agropark", "action_flag": 1, "change_message": "[{\"added\": {}}]"}}, {"model": "admin.logentry", "pk": 88, "fields": {"action_time": "2016-09-24T09:17:38.777Z", "user": 1, "content_type": 2, "object_id": "31", "object_repr": "Pizzane", "action_flag": 1, "change_message": "[{\"added\": {}}]"}}, {"model": "admin.logentry", "pk": 89, "fields": {"action_time": "2016-09-24T09:17:53.191Z", "user": 1, "content_type": 2, "object_id": "32", "object_repr": "Robust steel", "action_flag": 1, "change_message": "[{\"added\": {}}]"}}, {"model": "admin.logentry", "pk": 90, "fields": {"action_time": "2016-09-24T09:18:02.182Z", "user": 1, "content_type": 2, "object_id": "33", "object_repr": "United oil comp", "action_flag": 1, "change_message": "[{\"added\": {}}]"}}, {"model": "admin.logentry", "pk": 91, "fields": {"action_time": "2016-09-24T09:18:09.307Z", "user": 1, "content_type": 2, "object_id": "34", "object_repr": "mechtech", "action_flag": 1, "change_message": "[{\"added\": {}}]"}}, {"model": "admin.logentry", "pk": 92, "fields": {"action_time": "2016-09-24T09:18:17.334Z", "user": 1, "content_type": 2, "object_id": "35", "object_repr": "gearup", "action_flag": 1, "change_message": "[{\"added\": {}}]"}}, {"model": "admin.logentry", "pk": 93, "fields": {"action_time": "2016-09-24T10:54:13.022Z", "user": 1, "content_type": 4, "object_id": "9", "object_repr": "Republic of Avlon", "action_flag": 2, "change_message": "[{\"changed\": {\"fields\": [\"nation_money\"]}}]"}}, {"model": "admin.logentry", "pk": 94, "fields": {"action_time": "2016-09-24T10:54:35.063Z", "user": 1, "content_type": 3, "object_id": "6", "object_repr": "Bank of Gotham", "action_flag": 2, "change_message": "[{\"changed\": {\"fields\": [\"bank_money\"]}}]"}}, {"model": "admin.logentry", "pk": 95, "fields": {"action_time": "2016-09-24T10:55:05.038Z", "user": 1, "content_type": 3, "object_id": "6", "object_repr": "Bank of Gotham", "action_flag": 2, "change_message": "[{\"changed\": {\"fields\": [\"bank_money\"]}}]"}}, {"model": "admin.logentry", "pk": 96, "fields": {"action_time": "2016-09-24T10:55:14.433Z", "user": 1, "content_type": 3, "object_id": "6", "object_repr": "Bank of Gotham", "action_flag": 2, "change_message": "[]"}}, {"model": "admin.logentry", "pk": 97, "fields": {"action_time": "2016-09-24T11:35:13.008Z", "user": 1, "content_type": 2, "object_id": "27", "object_repr": "Mashi", "action_flag": 2, "change_message": "[{\"changed\": {\"fields\": [\"com_money\"]}}]"}}, {"model": "admin.logentry", "pk": 98, "fields": {"action_time": "2016-09-24T17:33:50.637Z", "user": 1, "content_type": 3, "object_id": "7", "object_repr": "National Bank", "action_flag": 2, "change_message": "[{\"changed\": {\"fields\": [\"bank_money\"]}}]"}}, {"model": "admin.logentry", "pk": 99, "fields": {"action_time": "2016-09-24T17:34:08.797Z", "user": 1, "content_type": 3, "object_id": "6", "object_repr": "Bank of Gotham", "action_flag": 2, "change_message": "[{\"changed\": {\"fields\": [\"bank_money\"]}}]"}}, {"model": "admin.logentry", "pk": 100, "fields": {"action_time": "2016-09-24T17:34:28.532Z", "user": 1, "content_type": 3, "object_id": "5", "object_repr": "CREDMAX", "action_flag": 2, "change_message": "[{\"changed\": {\"fields\": [\"bank_money\"]}}]"}}, {"model": "admin.logentry", "pk": 101, "fields": {"action_time": "2016-09-24T17:34:43.560Z", "user": 1, "content_type": 3, "object_id": "4", "object_repr": "Easy Cash", "action_flag": 2, "change_message": "[{\"changed\": {\"fields\": [\"bank_money\"]}}]"}}, {"model": "admin.logentry", "pk": 102, "fields": {"action_time": "2016-09-24T17:34:46.031Z", "user": 1, "content_type": 3, "object_id": "4", "object_repr": "Easy Cash", "action_flag": 2, "change_message": "[]"}}, {"model": "admin.logentry", "pk": 103, "fields": {"action_time": "2016-09-24T19:45:31.652Z", "user": 1, "content_type": 2, "object_id": "26", "object_repr": "Pomadian", "action_flag": 2, "change_message": "[{\"changed\": {\"fields\": [\"com_money\"]}}]"}}, {"model": "admin.logentry", "pk": 104, "fields": {"action_time": "2016-09-24T19:46:55.394Z", "user": 1, "content_type": 2, "object_id": "26", "object_repr": "Pomadian", "action_flag": 2, "change_message": "[{\"changed\": {\"fields\": [\"com_money\", \"prod_units\"]}}]"}}, {"model": "admin.logentry", "pk": 105, "fields": {"action_time": "2016-09-25T04:13:35.698Z", "user": 1, "content_type": 2, "object_id": "34", "object_repr": "mechtech", "action_flag": 2, "change_message": "[{\"changed\": {\"fields\": [\"com_type\"]}}]"}}, {"model": "admin.logentry", "pk": 106, "fields": {"action_time": "2016-09-25T04:15:58.997Z", "user": 1, "content_type": 2, "object_id": "26", "object_repr": "Pomadian", "action_flag": 2, "change_message": "[{\"changed\": {\"fields\": [\"com_money\"]}}]"}}, {"model": "admin.logentry", "pk": 107, "fields": {"action_time": "2016-09-25T06:42:48.800Z", "user": 1, "content_type": 7, "object_id": "245", "object_repr": "gearup -> Textile", "action_flag": 2, "change_message": "[{\"changed\": {\"fields\": [\"amt\"]}}]"}}, {"model": "admin.logentry", "pk": 108, "fields": {"action_time": "2016-09-25T06:42:51.898Z", "user": 1, "content_type": 7, "object_id": "245", "object_repr": "gearup -> Textile", "action_flag": 2, "change_message": "[]"}}, {"model": "admin.logentry", "pk": 109, "fields": {"action_time": "2016-09-25T06:43:13.946Z", "user": 1, "content_type": 7, "object_id": "240", "object_repr": "gearup -> Electronics", "action_flag": 2, "change_message": "[{\"changed\": {\"fields\": [\"amt\"]}}]"}}, {"model": "admin.logentry", "pk": 110, "fields": {"action_time": "2016-09-25T06:43:27.415Z", "user": 1, "content_type": 7, "object_id": "241", "object_repr": "gearup -> Machinery", "action_flag": 2, "change_message": "[{\"changed\": {\"fields\": [\"amt\"]}}]"}}, {"model": "admin.logentry", "pk": 111, "fields": {"action_time": "2016-09-25T06:43:35.035Z", "user": 1, "content_type": 7, "object_id": "239", "object_repr": "gearup -> Agriculture", "action_flag": 2, "change_message": "[{\"changed\": {\"fields\": [\"amt\"]}}]"}}, {"model": "admin.logentry", "pk": 112, "fields": {"action_time": "2016-09-25T06:47:15.555Z", "user": 1, "content_type": 7, "object_id": "232", "object_repr": "mechtech -> Agriculture", "action_flag": 2, "change_message": "[]"}}, {"model": "admin.logentry", "pk": 113, "fields": {"action_time": "2016-09-25T06:48:16.326Z", "user": 1, "content_type": 7, "object_id": "234", "object_repr": "mechtech -> Machinery", "action_flag": 2, "change_message": "[{\"changed\": {\"fields\": [\"amt\"]}}]"}}, {"model": "admin.logentry", "pk": 114, "fields": {"action_time": "2016-09-25T06:48:24.781Z", "user": 1, "content_type": 7, "object_id": "237", "object_repr": "mechtech -> Steel", "action_flag": 2, "change_message": "[]"}}, {"model": "admin.logentry", "pk": 115, "fields": {"action_time": "2016-09-25T06:48:34.546Z", "user": 1, "content_type": 7, "object_id": "233", "object_repr": "mechtech -> Electronics", "action_flag": 2, "change_message": "[{\"changed\": {\"fields\": [\"amt\"]}}]"}}, {"model": "admin.logentry", "pk": 116, "fields": {"action_time": "2016-09-25T06:49:03.217Z", "user": 1, "content_type": 7, "object_id": "227", "object_repr": "United oil comp -> Machinery", "action_flag": 2, "change_message": "[]"}}, {"model": "admin.logentry", "pk": 117, "fields": {"action_time": "2016-09-25T06:49:15.659Z", "user": 1, "content_type": 7, "object_id": "233", "object_repr": "mechtech -> Electronics", "action_flag": 2, "change_message": "[{\"changed\": {\"fields\": [\"amt\"]}}]"}}, {"model": "admin.logentry", "pk": 118, "fields": {"action_time": "2016-09-25T06:49:26.085Z", "user": 1, "content_type": 7, "object_id": "228", "object_repr": "United oil comp -> Oil", "action_flag": 2, "change_message": "[{\"changed\": {\"fields\": [\"amt\"]}}]"}}, {"model": "admin.logentry", "pk": 119, "fields": {"action_time": "2016-09-25T06:50:02.335Z", "user": 1, "content_type": 7, "object_id": "225", "object_repr": "United oil comp -> Agriculture", "action_flag": 2, "change_message": "[{\"changed\": {\"fields\": [\"amt\"]}}]"}}, {"model": "admin.logentry", "pk": 120, "fields": {"action_time": "2016-09-25T07:38:19.594Z", "user": 1, "content_type": 7, "object_id": "214", "object_repr": "Pizzane -> Oil", "action_flag": 2, "change_message": "[{\"changed\": {\"fields\": [\"amt\"]}}]"}}, {"model": "admin.logentry", "pk": 121, "fields": {"action_time": "2016-09-25T07:38:44.425Z", "user": 1, "content_type": 7, "object_id": "213", "object_repr": "Pizzane -> Machinery", "action_flag": 2, "change_message": "[{\"changed\": {\"fields\": [\"amt\"]}}]"}}, {"model": "admin.logentry", "pk": 122, "fields": {"action_time": "2016-09-25T07:39:00.088Z", "user": 1, "content_type": 7, "object_id": "215", "object_repr": "Pizzane -> Pharma", "action_flag": 2, "change_message": "[{\"changed\": {\"fields\": [\"amt\"]}}]"}}, {"model": "admin.logentry", "pk": 123, "fields": {"action_time": "2016-09-25T07:39:25.255Z", "user": 1, "content_type": 7, "object_id": "204", "object_repr": "Agropark -> Agriculture", "action_flag": 2, "change_message": "[]"}}, {"model": "admin.logentry", "pk": 124, "fields": {"action_time": "2016-09-25T07:39:49.801Z", "user": 1, "content_type": 7, "object_id": "201", "object_repr": "The Spartans -> Pharma", "action_flag": 2, "change_message": "[]"}}, {"model": "admin.logentry", "pk": 125, "fields": {"action_time": "2016-09-25T07:40:01.083Z", "user": 1, "content_type": 7, "object_id": "200", "object_repr": "The Spartans -> Oil", "action_flag": 2, "change_message": "[{\"changed\": {\"fields\": [\"amt\"]}}]"}}, {"model": "admin.logentry", "pk": 126, "fields": {"action_time": "2016-09-25T07:40:18.855Z", "user": 1, "content_type": 7, "object_id": "203", "object_repr": "The Spartans -> Textile", "action_flag": 2, "change_message": "[{\"changed\": {\"fields\": [\"amt\"]}}]"}}, {"model": "admin.logentry", "pk": 127, "fields": {"action_time": "2016-09-25T07:40:35.790Z", "user": 1, "content_type": 7, "object_id": "190", "object_repr": "Futuroelectrica -> Agriculture", "action_flag": 2, "change_message": "[{\"changed\": {\"fields\": [\"amt\"]}}]"}}, {"model": "admin.logentry", "pk": 128, "fields": {"action_time": "2016-09-25T07:40:54.999Z", "user": 1, "content_type": 7, "object_id": "196", "object_repr": "Futuroelectrica -> Textile", "action_flag": 2, "change_message": "[]"}}, {"model": "admin.logentry", "pk": 129, "fields": {"action_time": "2016-09-25T07:41:07.839Z", "user": 1, "content_type": 7, "object_id": "191", "object_repr": "Futuroelectrica -> Electronics", "action_flag": 2, "change_message": "[{\"changed\": {\"fields\": [\"amt\"]}}]"}}, {"model": "admin.logentry", "pk": 130, "fields": {"action_time": "2016-09-25T07:41:27.984Z", "user": 1, "content_type": 7, "object_id": "184", "object_repr": "Mashi -> Electronics", "action_flag": 2, "change_message": "[{\"changed\": {\"fields\": [\"amt\"]}}]"}}, {"model": "admin.logentry", "pk": 131, "fields": {"action_time": "2016-09-25T07:43:12.442Z", "user": 1, "content_type": 7, "object_id": "176", "object_repr": "Pomadian -> Agriculture", "action_flag": 2, "change_message": "[{\"changed\": {\"fields\": [\"amt\"]}}]"}}, {"model": "admin.logentry", "pk": 132, "fields": {"action_time": "2016-09-25T07:43:34.696Z", "user": 1, "content_type": 7, "object_id": "179", "object_repr": "Pomadian -> Oil", "action_flag": 2, "change_message": "[{\"changed\": {\"fields\": [\"amt\"]}}]"}}, {"model": "admin.logentry", "pk": 133, "fields": {"action_time": "2016-09-25T07:43:53.066Z", "user": 1, "content_type": 7, "object_id": "177", "object_repr": "Pomadian -> Electronics", "action_flag": 2, "change_message": "[{\"changed\": {\"fields\": [\"amt\"]}}]"}}, {"model": "admin.logentry", "pk": 134, "fields": {"action_time": "2016-09-25T07:44:09.165Z", "user": 1, "content_type": 7, "object_id": "173", "object_repr": "Metallica -> Pharma", "action_flag": 2, "change_message": "[{\"changed\": {\"fields\": [\"amt\"]}}]"}}, {"model": "admin.logentry", "pk": 135, "fields": {"action_time": "2016-09-25T07:44:24.087Z", "user": 1, "content_type": 7, "object_id": "172", "object_repr": "Metallica -> Oil", "action_flag": 2, "change_message": "[]"}}, {"model": "admin.logentry", "pk": 136, "fields": {"action_time": "2016-09-25T07:44:40.596Z", "user": 1, "content_type": 7, "object_id": "174", "object_repr": "Metallica -> Steel", "action_flag": 2, "change_message": "[{\"changed\": {\"fields\": [\"amt\"]}}]"}}, {"model": "admin.logentry", "pk": 137, "fields": {"action_time": "2016-09-25T07:45:19.862Z", "user": 1, "content_type": 7, "object_id": "165", "object_repr": "Crusaders -> Oil", "action_flag": 2, "change_message": "[]"}}, {"model": "admin.logentry", "pk": 138, "fields": {"action_time": "2016-09-25T07:45:32.815Z", "user": 1, "content_type": 7, "object_id": "164", "object_repr": "Crusaders -> Machinery", "action_flag": 2, "change_message": "[{\"changed\": {\"fields\": [\"amt\"]}}]"}}, {"model": "admin.logentry", "pk": 139, "fields": {"action_time": "2016-09-25T07:45:45.874Z", "user": 1, "content_type": 7, "object_id": "166", "object_repr": "Crusaders -> Pharma", "action_flag": 2, "change_message": "[{\"changed\": {\"fields\": [\"amt\"]}}]"}}, {"model": "admin.logentry", "pk": 140, "fields": {"action_time": "2016-09-25T07:46:06.995Z", "user": 1, "content_type": 7, "object_id": "161", "object_repr": "Agrinet -> Textile", "action_flag": 2, "change_message": "[{\"changed\": {\"fields\": [\"amt\"]}}]"}}, {"model": "admin.logentry", "pk": 141, "fields": {"action_time": "2016-09-25T07:46:20.757Z", "user": 1, "content_type": 7, "object_id": "159", "object_repr": "Agrinet -> Pharma", "action_flag": 2, "change_message": "[{\"changed\": {\"fields\": [\"amt\"]}}]"}}, {"model": "admin.logentry", "pk": 142, "fields": {"action_time": "2016-09-25T07:46:32.685Z", "user": 1, "content_type": 7, "object_id": "155", "object_repr": "Agrinet -> Agriculture", "action_flag": 2, "change_message": "[{\"changed\": {\"fields\": [\"amt\"]}}]"}}, {"model": "admin.logentry", "pk": 143, "fields": {"action_time": "2016-09-25T07:47:08.072Z", "user": 1, "content_type": 7, "object_id": "152", "object_repr": "Sketch -> Pharma", "action_flag": 2, "change_message": "[{\"changed\": {\"fields\": [\"amt\"]}}]"}}, {"model": "admin.logentry", "pk": 144, "fields": {"action_time": "2016-09-25T07:47:23.745Z", "user": 1, "content_type": 7, "object_id": "147", "object_repr": "Tekhertz -> Textile", "action_flag": 2, "change_message": "[{\"changed\": {\"fields\": [\"amt\"]}}]"}}, {"model": "admin.logentry", "pk": 145, "fields": {"action_time": "2016-09-25T07:47:49.867Z", "user": 1, "content_type": 7, "object_id": "142", "object_repr": "Tekhertz -> Electronics", "action_flag": 2, "change_message": "[{\"changed\": {\"fields\": [\"amt\"]}}]"}}, {"model": "admin.logentry", "pk": 146, "fields": {"action_time": "2016-09-25T07:49:22.403Z", "user": 1, "content_type": 7, "object_id": "132", "object_repr": "Miyoshi -> Steel", "action_flag": 2, "change_message": "[{\"changed\": {\"fields\": [\"amt\"]}}]"}}, {"model": "admin.logentry", "pk": 147, "fields": {"action_time": "2016-09-25T07:49:46.633Z", "user": 1, "content_type": 7, "object_id": "124", "object_repr": "Elixir -> Pharma", "action_flag": 2, "change_message": "[{\"changed\": {\"fields\": [\"amt\"]}}]"}}, {"model": "admin.logentry", "pk": 148, "fields": {"action_time": "2016-09-25T07:50:04.703Z", "user": 1, "content_type": 7, "object_id": "117", "object_repr": "Green Ferme -> Pharma", "action_flag": 2, "change_message": "[]"}}, {"model": "admin.logentry", "pk": 149, "fields": {"action_time": "2016-09-25T07:50:39.275Z", "user": 1, "content_type": 7, "object_id": "118", "object_repr": "Green Ferme -> Steel", "action_flag": 2, "change_message": "[{\"changed\": {\"fields\": [\"amt\"]}}]"}}, {"model": "admin.logentry", "pk": 150, "fields": {"action_time": "2016-09-25T07:51:00.059Z", "user": 1, "content_type": 7, "object_id": "113", "object_repr": "Green Ferme -> Agriculture", "action_flag": 2, "change_message": "[{\"changed\": {\"fields\": [\"amt\"]}}]"}}, {"model": "admin.logentry", "pk": 151, "fields": {"action_time": "2016-09-25T07:51:29.724Z", "user": 1, "content_type": 7, "object_id": "112", "object_repr": "Fabrica Textiles -> Textile", "action_flag": 2, "change_message": "[{\"changed\": {\"fields\": [\"amt\"]}}]"}}, {"model": "admin.logentry", "pk": 152, "fields": {"action_time": "2016-09-25T07:51:50.091Z", "user": 1, "content_type": 7, "object_id": "110", "object_repr": "Fabrica Textiles -> Pharma", "action_flag": 2, "change_message": "[{\"changed\": {\"fields\": [\"amt\"]}}]"}}, {"model": "admin.logentry", "pk": 153, "fields": {"action_time": "2016-09-25T07:57:39.570Z", "user": 1, "content_type": 2, "object_id": "35", "object_repr": "gearup", "action_flag": 2, "change_message": "[{\"changed\": {\"fields\": [\"com_money\"]}}]"}}, {"model": "admin.logentry", "pk": 154, "fields": {"action_time": "2016-09-25T07:59:04.076Z", "user": 1, "content_type": 2, "object_id": "34", "object_repr": "mechtech", "action_flag": 2, "change_message": "[{\"changed\": {\"fields\": [\"com_money\"]}}]"}}, {"model": "admin.logentry", "pk": 155, "fields": {"action_time": "2016-09-25T08:01:51.200Z", "user": 1, "content_type": 2, "object_id": "33", "object_repr": "United oil comp", "action_flag": 2, "change_message": "[{\"changed\": {\"fields\": [\"com_money\"]}}]"}}, {"model": "admin.logentry", "pk": 156, "fields": {"action_time": "2016-09-25T08:03:18.199Z", "user": 1, "content_type": 2, "object_id": "32", "object_repr": "Robust steel", "action_flag": 2, "change_message": "[]"}}, {"model": "admin.logentry", "pk": 157, "fields": {"action_time": "2016-09-25T08:04:17.014Z", "user": 1, "content_type": 2, "object_id": "31", "object_repr": "Pizzane", "action_flag": 2, "change_message": "[{\"changed\": {\"fields\": [\"com_money\"]}}]"}}, {"model": "admin.logentry", "pk": 158, "fields": {"action_time": "2016-09-25T08:04:53.041Z", "user": 1, "content_type": 2, "object_id": "30", "object_repr": "Agropark", "action_flag": 2, "change_message": "[{\"changed\": {\"fields\": [\"com_money\"]}}]"}}, {"model": "admin.logentry", "pk": 159, "fields": {"action_time": "2016-09-25T08:06:17.087Z", "user": 1, "content_type": 2, "object_id": "29", "object_repr": "The Spartans", "action_flag": 2, "change_message": "[{\"changed\": {\"fields\": [\"com_money\"]}}]"}}, {"model": "admin.logentry", "pk": 160, "fields": {"action_time": "2016-09-25T08:07:25.650Z", "user": 1, "content_type": 2, "object_id": "28", "object_repr": "Futuroelectrica", "action_flag": 2, "change_message": "[{\"changed\": {\"fields\": [\"com_money\"]}}]"}}, {"model": "admin.logentry", "pk": 161, "fields": {"action_time": "2016-09-25T08:08:39.161Z", "user": 1, "content_type": 2, "object_id": "27", "object_repr": "Mashi", "action_flag": 2, "change_message": "[{\"changed\": {\"fields\": [\"com_money\"]}}]"}}, {"model": "admin.logentry", "pk": 162, "fields": {"action_time": "2016-09-25T08:09:39.320Z", "user": 1, "content_type": 2, "object_id": "27", "object_repr": "Mashi", "action_flag": 2, "change_message": "[]"}}, {"model": "admin.logentry", "pk": 163, "fields": {"action_time": "2016-09-25T08:10:26.428Z", "user": 1, "content_type": 2, "object_id": "26", "object_repr": "Pomadian", "action_flag": 2, "change_message": "[{\"changed\": {\"fields\": [\"com_money\"]}}]"}}, {"model": "admin.logentry", "pk": 164, "fields": {"action_time": "2016-09-25T08:11:32.446Z", "user": 1, "content_type": 2, "object_id": "25", "object_repr": "Metallica", "action_flag": 2, "change_message": "[{\"changed\": {\"fields\": [\"com_money\"]}}]"}}, {"model": "admin.logentry", "pk": 165, "fields": {"action_time": "2016-09-25T08:12:29.377Z", "user": 1, "content_type": 2, "object_id": "24", "object_repr": "Crusaders", "action_flag": 2, "change_message": "[{\"changed\": {\"fields\": [\"com_money\"]}}]"}}, {"model": "admin.logentry", "pk": 166, "fields": {"action_time": "2016-09-25T08:13:31.219Z", "user": 1, "content_type": 2, "object_id": "23", "object_repr": "Agrinet", "action_flag": 2, "change_message": "[]"}}, {"model": "admin.logentry", "pk": 167, "fields": {"action_time": "2016-09-25T08:15:48.332Z", "user": 1, "content_type": 2, "object_id": "23", "object_repr": "Agrinet", "action_flag": 2, "change_message": "[{\"changed\": {\"fields\": [\"com_money\"]}}]"}}, {"model": "admin.logentry", "pk": 168, "fields": {"action_time": "2016-09-25T08:16:29.070Z", "user": 1, "content_type": 2, "object_id": "22", "object_repr": "Sketch", "action_flag": 2, "change_message": "[{\"changed\": {\"fields\": [\"com_money\"]}}]"}}, {"model": "admin.logentry", "pk": 169, "fields": {"action_time": "2016-09-25T08:17:32.072Z", "user": 1, "content_type": 2, "object_id": "21", "object_repr": "Tekhertz", "action_flag": 2, "change_message": "[{\"changed\": {\"fields\": [\"com_money\"]}}]"}}, {"model": "admin.logentry", "pk": 170, "fields": {"action_time": "2016-09-25T08:17:44.793Z", "user": 1, "content_type": 2, "object_id": "20", "object_repr": "Olioa", "action_flag": 2, "change_message": "[]"}}, {"model": "admin.logentry", "pk": 171, "fields": {"action_time": "2016-09-25T08:18:24.283Z", "user": 1, "content_type": 2, "object_id": "19", "object_repr": "Miyoshi", "action_flag": 2, "change_message": "[{\"changed\": {\"fields\": [\"com_money\"]}}]"}}, {"model": "admin.logentry", "pk": 172, "fields": {"action_time": "2016-09-25T08:19:15.989Z", "user": 1, "content_type": 2, "object_id": "18", "object_repr": "Elixir", "action_flag": 2, "change_message": "[{\"changed\": {\"fields\": [\"com_money\"]}}]"}}, {"model": "admin.logentry", "pk": 173, "fields": {"action_time": "2016-09-25T08:20:28.255Z", "user": 1, "content_type": 2, "object_id": "17", "object_repr": "Green Ferme", "action_flag": 2, "change_message": "[{\"changed\": {\"fields\": [\"com_money\"]}}]"}}, {"model": "admin.logentry", "pk": 174, "fields": {"action_time": "2016-09-25T08:21:49.305Z", "user": 1, "content_type": 2, "object_id": "16", "object_repr": "Fabrica Textiles", "action_flag": 2, "change_message": "[{\"changed\": {\"fields\": [\"com_money\"]}}]"}}, {"model": "admin.logentry", "pk": 175, "fields": {"action_time": "2016-09-25T08:24:53.660Z", "user": 1, "content_type": 2, "object_id": "35", "object_repr": "gearup", "action_flag": 2, "change_message": "[{\"changed\": {\"fields\": [\"com_money\"]}}]"}}]