[{"model": "netIITD.material", "pk": 1, "fields": {"material_name": "Agriculture", "base_price": 1000.0}}, {"model": "netIITD.material", "pk": 2, "fields": {"material_name": "Electronics", "base_price": 1000.0}}, {"model": "netIITD.material", "pk": 3, "fields": {"material_name": "Machinery", "base_price": 1000.0}}, {"model": "netIITD.material", "pk": 4, "fields": {"material_name": "Oil", "base_price": 1000.0}}, {"model": "netIITD.material", "pk": 5, "fields": {"material_name": "Pharma", "base_price": 1000.0}}, {"model": "netIITD.material", "pk": 6, "fields": {"material_name": "Steel", "base_price": 1000.0}}, {"model": "netIITD.material", "pk": 7, "fields": {"material_name": "Textile", "base_price": 1000.0}}, {"model": "netIITD.company", "pk": 16, "fields": {"com_name": "Fabrica Textiles", "com_type": 7, "com_money": 110000.0, "prod_units": 2}}, {"model": "netIITD.company", "pk": 17, "fields": {"com_name": "Green Ferme", "com_type": 1, "com_money": 64000.0, "prod_units": 3}}, {"model": "netIITD.company", "pk": 18, "fields": {"com_name": "Elixir", "com_type": 5, "com_money": 70000.0, "prod_units": 2}}, {"model": "netIITD.company", "pk": 19, "fields": {"com_name": "Miyoshi", "com_type": 6, "com_money": 82000.0, "prod_units": 2}}, {"model": "netIITD.company", "pk": 20, "fields": {"com_name": "Olioa", "com_type": 4, "com_money": 50000.0, "prod_units": 2}}, {"model": "netIITD.company", "pk": 21, "fields": {"com_name": "Tekhertz", "com_type": 2, "com_money": 95000.0, "prod_units": 2}}, {"model": "netIITD.company", "pk": 22, "fields": {"com_name": "Sketch", "com_type": 7, "com_money": 270000.0, "prod_units": 3}}, {"model": "netIITD.company", "pk": 23, "fields": {"com_name": "Agrinet", "com_type": 1, "com_money": 210000.0, "prod_units": 3}}, {"model": "netIITD.company", "pk": 24, "fields": {"com_name": "Crusaders", "com_type": 5, "com_money": 51000.0, "prod_units": 2}}, {"model": "netIITD.company", "pk": 25, "fields": {"com_name": "Metallica", "com_type": 6, "com_money": 283000.0, "prod_units": 1}}, {"model": "netIITD.company", "pk": 26, "fields": {"com_name": "Pomadian", "com_type": 4, "com_money": 20000.0, "prod_units": 0}}, {"model": "netIITD.company", "pk": 27, "fields": {"com_name": "Mashi", "com_type": 3, "com_money": 137000.0, "prod_units": 2}}, {"model": "netIITD.company", "pk": 28, "fields": {"com_name": "Futuroelectrica", "com_type": 2, "com_money": 293000.0, "prod_units": 3}}, {"model": "netIITD.company", "pk": 29, "fields": {"com_name": "The Spartans", "com_type": 7, "com_money": 33000.0, "prod_units": 3}}, {"model": "netIITD.company", "pk": 30, "fields": {"com_name": "Agropark", "com_type": 1, "com_money": 5000.0, "prod_units": 2}}, {"model": "netIITD.company", "pk": 31, "fields": {"com_name": "Pizzane", "com_type": 5, "com_money": 60000.0, "prod_units": 2}}, {"model": "netIITD.company", "pk": 32, "fields": {"com_name": "Robust steel", "com_type": 6, "com_money": 78000.0, "prod_units": 2}}, {"model": "netIITD.company", "pk": 33, "fields": {"com_name": "United oil comp", "com_type": 4, "com_money": 110000.0, "prod_units": 2}}, {"model": "netIITD.company", "pk": 34, "fields": {"com_name": "mechtech", "com_type": 2, "com_money": 60000.0, "prod_units": 1}}, {"model": "netIITD.company", "pk": 35, "fields": {"com_name": "gearup", "com_type": 3, "com_money": 95000.0, "prod_units": 4}}, {"model": "netIITD.commat", "pk": 106, "fields": {"com": 16, "mat": 1, "amt": 0.0}}, {"model": "netIITD.commat", "pk": 107, "fields": {"com": 16, "mat": 2, "amt": 0.0}}, {"model": "netIITD.commat", "pk": 108, "fields": {"com": 16, "mat": 3, "amt": 0.0}}, {"model": "netIITD.commat", "pk": 109, "fields": {"com": 16, "mat": 4, "amt": 0.0}}, {"model": "netIITD.commat", "pk": 110, "fields": {"com": 16, "mat": 5, "amt": 0.0}}, {"model": "netIITD.commat", "pk": 111, "fields": {"com": 16, "mat": 6, "amt": 0.0}}, {"model": "netIITD.commat", "pk": 112, "fields": {"com": 16, "mat": 7, "amt": 30.0}}, {"model": "netIITD.commat", "pk": 113, "fields": {"com": 17, "mat": 1, "amt": 30.0}}, {"model": "netIITD.commat", "pk": 114, "fields": {"com": 17, "mat": 2, "amt": 0.0}}, {"model": "netIITD.commat", "pk": 115, "fields": {"com": 17, "mat": 3, "amt": 0.0}}, {"model": "netIITD.commat", "pk": 116, "fields": {"com": 17, "mat": 4, "amt": 0.0}}, {"model": "netIITD.commat", "pk": 117, "fields": {"com": 17, "mat": 5, "amt": 0.0}}, {"model": "netIITD.commat", "pk": 118, "fields": {"com": 17, "mat": 6, "amt": 0.0}}, {"model": "netIITD.commat", "pk": 119, "fields": {"com": 17, "mat": 7, "amt": 0.0}}, {"model": "netIITD.commat", "pk": 120, "fields": {"com": 18, "mat": 1, "amt": 0.0}}, {"model": "netIITD.commat", "pk": 121, "fields": {"com": 18, "mat": 2, "amt": 0.0}}, {"model": "netIITD.commat", "pk": 122, "fields": {"com": 18, "mat": 3, "amt": 0.0}}, {"model": "netIITD.commat", "pk": 123, "fields": {"com": 18, "mat": 4, "amt": 0.0}}, {"model": "netIITD.commat", "pk": 124, "fields": {"com": 18, "mat": 5, "amt": 30.0}}, {"model": "netIITD.commat", "pk": 125, "fields": {"com": 18, "mat": 6, "amt": 0.0}}, {"model": "netIITD.commat", "pk": 126, "fields": {"com": 18, "mat": 7, "amt": 0.0}}, {"model": "netIITD.commat", "pk": 127, "fields": {"com": 19, "mat": 1, "amt": 0.0}}, {"model": "netIITD.commat", "pk": 128, "fields": {"com": 19, "mat": 2, "amt": 0.0}}, {"model": "netIITD.commat", "pk": 129, "fields": {"com": 19, "mat": 3, "amt": 0.0}}, {"model": "netIITD.commat", "pk": 130, "fields": {"com": 19, "mat": 4, "amt": 0.0}}, {"model": "netIITD.commat", "pk": 131, "fields": {"com": 19, "mat": 5, "amt": 0.0}}, {"model": "netIITD.commat", "pk": 132, "fields": {"com": 19, "mat": 6, "amt": 30.0}}, {"model": "netIITD.commat", "pk": 133, "fields": {"com": 19, "mat": 7, "amt": 0.0}}, {"model": "netIITD.commat", "pk": 134, "fields": {"com": 20, "mat": 1, "amt": 0.0}}, {"model": "netIITD.commat", "pk": 135, "fields": {"com": 20, "mat": 2, "amt": 0.0}}, {"model": "netIITD.commat", "pk": 136, "fields": {"com": 20, "mat": 3, "amt": 0.0}}, {"model": "netIITD.commat", "pk": 137, "fields": {"com": 20, "mat": 4, "amt": 30.0}}, {"model": "netIITD.commat", "pk": 138, "fields": {"com": 20, "mat": 5, "amt": 0.0}}, {"model": "netIITD.commat", "pk": 139, "fields": {"com": 20, "mat": 6, "amt": 0.0}}, {"model": "netIITD.commat", "pk": 140, "fields": {"com": 20, "mat": 7, "amt": 0.0}}, {"model": "netIITD.commat", "pk": 141, "fields": {"com": 21, "mat": 1, "amt": 0.0}}, {"model": "netIITD.commat", "pk": 142, "fields": {"com": 21, "mat": 2, "amt": 30.0}}, {"model": "netIITD.commat", "pk": 143, "fields": {"com": 21, "mat": 3, "amt": 0.0}}, {"model": "netIITD.commat", "pk": 144, "fields": {"com": 21, "mat": 4, "amt": 0.0}}, {"model": "netIITD.commat", "pk": 145, "fields": {"com": 21, "mat": 5, "amt": 0.0}}, {"model": "netIITD.commat", "pk": 146, "fields": {"com": 21, "mat": 6, "amt": 0.0}}, {"model": "netIITD.commat", "pk": 147, "fields": {"com": 21, "mat": 7, "amt": 0.0}}, {"model": "netIITD.commat", "pk": 148, "fields": {"com": 22, "mat": 1, "amt": 0.0}}, {"model": "netIITD.commat", "pk": 149, "fields": {"com": 22, "mat": 2, "amt": 0.0}}, {"model": "netIITD.commat", "pk": 150, "fields": {"com": 22, "mat": 3, "amt": 0.0}}, {"model": "netIITD.commat", "pk": 151, "fields": {"com": 22, "mat": 4, "amt": 0.0}}, {"model": "netIITD.commat", "pk": 152, "fields": {"com": 22, "mat": 5, "amt": 0.0}}, {"model": "netIITD.commat", "pk": 153, "fields": {"com": 22, "mat": 6, "amt": 0.0}}, {"model": "netIITD.commat", "pk": 154, "fields": {"com": 22, "mat": 7, "amt": 30.0}}, {"model": "netIITD.commat", "pk": 155, "fields": {"com": 23, "mat": 1, "amt": 30.0}}, {"model": "netIITD.commat", "pk": 156, "fields": {"com": 23, "mat": 2, "amt": 0.0}}, {"model": "netIITD.commat", "pk": 157, "fields": {"com": 23, "mat": 3, "amt": 0.0}}, {"model": "netIITD.commat", "pk": 158, "fields": {"com": 23, "mat": 4, "amt": 0.0}}, {"model": "netIITD.commat", "pk": 159, "fields": {"com": 23, "mat": 5, "amt": 0.0}}, {"model": "netIITD.commat", "pk": 160, "fields": {"com": 23, "mat": 6, "amt": 0.0}}, {"model": "netIITD.commat", "pk": 161, "fields": {"com": 23, "mat": 7, "amt": 0.0}}, {"model": "netIITD.commat", "pk": 162, "fields": {"com": 24, "mat": 1, "amt": 0.0}}, {"model": "netIITD.commat", "pk": 163, "fields": {"com": 24, "mat": 2, "amt": 0.0}}, {"model": "netIITD.commat", "pk": 164, "fields": {"com": 24, "mat": 3, "amt": 0.0}}, {"model": "netIITD.commat", "pk": 165, "fields": {"com": 24, "mat": 4, "amt": 0.0}}, {"model": "netIITD.commat", "pk": 166, "fields": {"com": 24, "mat": 5, "amt": 30.0}}, {"model": "netIITD.commat", "pk": 167, "fields": {"com": 24, "mat": 6, "amt": 0.0}}, {"model": "netIITD.commat", "pk": 168, "fields": {"com": 24, "mat": 7, "amt": 0.0}}, {"model": "netIITD.commat", "pk": 169, "fields": {"com": 25, "mat": 1, "amt": 0.0}}, {"model": "netIITD.commat", "pk": 170, "fields": {"com": 25, "mat": 2, "amt": 0.0}}, {"model": "netIITD.commat", "pk": 171, "fields": {"com": 25, "mat": 3, "amt": 0.0}}, {"model": "netIITD.commat", "pk": 172, "fields": {"com": 25, "mat": 4, "amt": 0.0}}, {"model": "netIITD.commat", "pk": 173, "fields": {"com": 25, "mat": 5, "amt": 0.0}}, {"model": "netIITD.commat", "pk": 174, "fields": {"com": 25, "mat": 6, "amt": 30.0}}, {"model": "netIITD.commat", "pk": 175, "fields": {"com": 25, "mat": 7, "amt": 0.0}}, {"model": "netIITD.commat", "pk": 176, "fields": {"com": 26, "mat": 1, "amt": 0.0}}, {"model": "netIITD.commat", "pk": 177, "fields": {"com": 26, "mat": 2, "amt": 0.0}}, {"model": "netIITD.commat", "pk": 178, "fields": {"com": 26, "mat": 3, "amt": 0.0}}, {"model": "netIITD.commat", "pk": 179, "fields": {"com": 26, "mat": 4, "amt": 30.0}}, {"model": "netIITD.commat", "pk": 180, "fields": {"com": 26, "mat": 5, "amt": 0.0}}, {"model": "netIITD.commat", "pk": 181, "fields": {"com": 26, "mat": 6, "amt": 0.0}}, {"model": "netIITD.commat", "pk": 182, "fields": {"com": 26, "mat": 7, "amt": 0.0}}, {"model": "netIITD.commat", "pk": 183, "fields": {"com": 27, "mat": 1, "amt": 0.0}}, {"model": "netIITD.commat", "pk": 184, "fields": {"com": 27, "mat": 2, "amt": 0.0}}, {"model": "netIITD.commat", "pk": 185, "fields": {"com": 27, "mat": 3, "amt": 30.0}}, {"model": "netIITD.commat", "pk": 186, "fields": {"com": 27, "mat": 4, "amt": 0.0}}, {"model": "netIITD.commat", "pk": 187, "fields": {"com": 27, "mat": 5, "amt": 0.0}}, {"model": "netIITD.commat", "pk": 188, "fields": {"com": 27, "mat": 6, "amt": 0.0}}, {"model": "netIITD.commat", "pk": 189, "fields": {"com": 27, "mat": 7, "amt": 0.0}}, {"model": "netIITD.commat", "pk": 190, "fields": {"com": 28, "mat": 1, "amt": 0.0}}, {"model": "netIITD.commat", "pk": 191, "fields": {"com": 28, "mat": 2, "amt": 30.0}}, {"model": "netIITD.commat", "pk": 192, "fields": {"com": 28, "mat": 3, "amt": 0.0}}, {"model": "netIITD.commat", "pk": 193, "fields": {"com": 28, "mat": 4, "amt": 0.0}}, {"model": "netIITD.commat", "pk": 194, "fields": {"com": 28, "mat": 5, "amt": 0.0}}, {"model": "netIITD.commat", "pk": 195, "fields": {"com": 28, "mat": 6, "amt": 0.0}}, {"model": "netIITD.commat", "pk": 196, "fields": {"com": 28, "mat": 7, "amt": 0.0}}, {"model": "netIITD.commat", "pk": 197, "fields": {"com": 29, "mat": 1, "amt": 0.0}}, {"model": "netIITD.commat", "pk": 198, "fields": {"com": 29, "mat": 2, "amt": 0.0}}, {"model": "netIITD.commat", "pk": 199, "fields": {"com": 29, "mat": 3, "amt": 0.0}}, {"model": "netIITD.commat", "pk": 200, "fields": {"com": 29, "mat": 4, "amt": 0.0}}, {"model": "netIITD.commat", "pk": 201, "fields": {"com": 29, "mat": 5, "amt": 0.0}}, {"model": "netIITD.commat", "pk": 202, "fields": {"com": 29, "mat": 6, "amt": 0.0}}, {"model": "netIITD.commat", "pk": 203, "fields": {"com": 29, "mat": 7, "amt": 30.0}}, {"model": "netIITD.commat", "pk": 204, "fields": {"com": 30, "mat": 1, "amt": 30.0}}, {"model": "netIITD.commat", "pk": 205, "fields": {"com": 30, "mat": 2, "amt": 0.0}}, {"model": "netIITD.commat", "pk": 206, "fields": {"com": 30, "mat": 3, "amt": 0.0}}, {"model": "netIITD.commat", "pk": 207, "fields": {"com": 30, "mat": 4, "amt": 0.0}}, {"model": "netIITD.commat", "pk": 208, "fields": {"com": 30, "mat": 5, "amt": 0.0}}, {"model": "netIITD.commat", "pk": 209, "fields": {"com": 30, "mat": 6, "amt": 0.0}}, {"model": "netIITD.commat", "pk": 210, "fields": {"com": 30, "mat": 7, "amt": 0.0}}, {"model": "netIITD.commat", "pk": 211, "fields": {"com": 31, "mat": 1, "amt": 0.0}}, {"model": "netIITD.commat", "pk": 212, "fields": {"com": 31, "mat": 2, "amt": 0.0}}, {"model": "netIITD.commat", "pk": 213, "fields": {"com": 31, "mat": 3, "amt": 0.0}}, {"model": "netIITD.commat", "pk": 214, "fields": {"com": 31, "mat": 4, "amt": 0.0}}, {"model": "netIITD.commat", "pk": 215, "fields": {"com": 31, "mat": 5, "amt": 30.0}}, {"model": "netIITD.commat", "pk": 216, "fields": {"com": 31, "mat": 6, "amt": 0.0}}, {"model": "netIITD.commat", "pk": 217, "fields": {"com": 31, "mat": 7, "amt": 0.0}}, {"model": "netIITD.commat", "pk": 218, "fields": {"com": 32, "mat": 1, "amt": 0.0}}, {"model": "netIITD.commat", "pk": 219, "fields": {"com": 32, "mat": 2, "amt": 0.0}}, {"model": "netIITD.commat", "pk": 220, "fields": {"com": 32, "mat": 3, "amt": 0.0}}, {"model": "netIITD.commat", "pk": 221, "fields": {"com": 32, "mat": 4, "amt": 0.0}}, {"model": "netIITD.commat", "pk": 222, "fields": {"com": 32, "mat": 5, "amt": 0.0}}, {"model": "netIITD.commat", "pk": 223, "fields": {"com": 32, "mat": 6, "amt": 30.0}}, {"model": "netIITD.commat", "pk": 224, "fields": {"com": 32, "mat": 7, "amt": 0.0}}, {"model": "netIITD.commat", "pk": 225, "fields": {"com": 33, "mat": 1, "amt": 0.0}}, {"model": "netIITD.commat", "pk": 226, "fields": {"com": 33, "mat": 2, "amt": 0.0}}, {"model": "netIITD.commat", "pk": 227, "fields": {"com": 33, "mat": 3, "amt": 0.0}}, {"model": "netIITD.commat", "pk": 228, "fields": {"com": 33, "mat": 4, "amt": 30.0}}, {"model": "netIITD.commat", "pk": 229, "fields": {"com": 33, "mat": 5, "amt": 0.0}}, {"model": "netIITD.commat", "pk": 230, "fields": {"com": 33, "mat": 6, "amt": 0.0}}, {"model": "netIITD.commat", "pk": 231, "fields": {"com": 33, "mat": 7, "amt": 0.0}}, {"model": "netIITD.commat", "pk": 232, "fields": {"com": 34, "mat": 1, "amt": 0.0}}, {"model": "netIITD.commat", "pk": 233, "fields": {"com": 34, "mat": 2, "amt": 30.0}}, {"model": "netIITD.commat", "pk": 234, "fields": {"com": 34, "mat": 3, "amt": 0.0}}, {"model": "netIITD.commat", "pk": 235, "fields": {"com": 34, "mat": 4, "amt": 0.0}}, {"model": "netIITD.commat", "pk": 236, "fields": {"com": 34, "mat": 5, "amt": 0.0}}, {"model": "netIITD.commat", "pk": 237, "fields": {"com": 34, "mat": 6, "amt": 0.0}}, {"model": "netIITD.commat", "pk": 238, "fields": {"com": 34, "mat": 7, "amt": 0.0}}, {"model": "netIITD.commat", "pk": 239, "fields": {"com": 35, "mat": 1, "amt": 0.0}}, {"model": "netIITD.commat", "pk": 240, "fields": {"com": 35, "mat": 2, "amt": 0.0}}, {"model": "netIITD.commat", "pk": 241, "fields": {"com": 35, "mat": 3, "amt": 30.0}}, {"model": "netIITD.commat", "pk": 242, "fields": {"com": 35, "mat": 4, "amt": 0.0}}, {"model": "netIITD.commat", "pk": 243, "fields": {"com": 35, "mat": 5, "amt": 0.0}}, {"model": "netIITD.commat", "pk": 244, "fields": {"com": 35, "mat": 6, "amt": 0.0}}, {"model": "netIITD.commat", "pk": 245, "fields": {"com": 35, "mat": 7, "amt": 0.0}}, {"model": "netIITD.nation", "pk": 6, "fields": {"nation_name": "Giza", "nation_money": 197000.0, "prod_units": 0}}, {"model": "netIITD.nation", "pk": 7, "fields": {"nation_name": "Atlantis", "nation_money": 138550.0, "prod_units": 0}}, {"model": "netIITD.nation", "pk": 8, "fields": {"nation_name": "Westeros", "nation_money": 220000.0, "prod_units": 0}}, {"model": "netIITD.nation", "pk": 9, "fields": {"nation_name": "Republic of Avlon", "nation_money": 227000.0, "prod_units": 0}}, {"model": "netIITD.nation", "pk": 10, "fields": {"nation_name": "Damai", "nation_money": 133000.0, "prod_units": 0}}, {"model": "netIITD.nation", "pk": 11, "fields": {"nation_name": "Voclor", "nation_money": 117350.0, "prod_units": 1}}, {"model": "netIITD.nation", "pk": 12, "fields": {"nation_name": "Amanistan", "nation_money": 195000.0, "prod_units": 1}}, {"model": "netIITD.nation", "pk": 13, "fields": {"nation_name": "Repubic of Coglant", "nation_money": 207000.0, "prod_units": 0}}, {"model": "netIITD.nation", "pk": 14, "fields": {"nation_name": "Republic of Siah", "nation_money": 148000.0, "prod_units": 0}}, {"model": "netIITD.nation", "pk": 15, "fields": {"nation_name": "Incredible", "nation_money": 185000.0, "prod_units": 0}}, {"model": "netIITD.nation", "pk": 16, "fields": {"nation_name": "The Winterfell", "nation_money": 195000.0, "prod_units": 0}}, {"model": "netIITD.nation", "pk": 17, "fields": {"nation_name": "Falcons", "nation_money": 170000.0, "prod_units": 0}}, {"model": "netIITD.nation", "pk": 18, "fields": {"nation_name": "Matrix", "nation_money": 94550.0, "prod_units": 0}}, {"model": "netIITD.nation", "pk": 19, "fields": {"nation_name": "Euinca", "nation_money": 230000.0, "prod_units": 0}}, {"model": "netIITD.nation", "pk": 20, "fields": {"nation_name": "Victorious Secret", "nation_money": 276000.0, "prod_units": 0}}, {"model": "netIITD.bank", "pk": 4, "fields": {"bank_name": "Easy Cash", "bank_money": 285000.0, "veto": 94.0}}, {"model": "netIITD.bank", "pk": 5, "fields": {"bank_name": "CREDMAX", "bank_money": 995550.0, "veto": 92.0}}, {"model": "netIITD.bank", "pk": 6, "fields": {"bank_name": "Bank of Gotham", "bank_money": 905000.0, "veto": 96.0}}, {"model": "netIITD.bank", "pk": 7, "fields": {"bank_name": "National Bank", "bank_money": 805000.0, "veto": 98.0}}, {"model": "netIITD.banknation", "pk": 16, "fields": {"nation": 6, "bank": 4, "veto_part": 0.0}}, {"model": "netIITD.banknation", "pk": 17, "fields": {"nation": 6, "bank": 5, "veto_part": 0.0}}, {"model": "netIITD.banknation", "pk": 18, "fields": {"nation": 6, "bank": 6, "veto_part": 0.0}}, {"model": "netIITD.banknation", "pk": 19, "fields": {"nation": 6, "bank": 7, "veto_part": 0.0}}, {"model": "netIITD.banknation", "pk": 20, "fields": {"nation": 7, "bank": 4, "veto_part": 1.0}}, {"model": "netIITD.banknation", "pk": 21, "fields": {"nation": 7, "bank": 5, "veto_part": 1.0}}, {"model": "netIITD.banknation", "pk": 22, "fields": {"nation": 7, "bank": 6, "veto_part": 0.0}}, {"model": "netIITD.banknation", "pk": 23, "fields": {"nation": 7, "bank": 7, "veto_part": 0.0}}, {"model": "netIITD.banknation", "pk": 24, "fields": {"nation": 8, "bank": 4, "veto_part": 0.0}}, {"model": "netIITD.banknation", "pk": 25, "fields": {"nation": 8, "bank": 5, "veto_part": 0.0}}, {"model": "netIITD.banknation", "pk": 26, "fields": {"nation": 8, "bank": 6, "veto_part": 1.0}}, {"model": "netIITD.banknation", "pk": 27, "fields": {"nation": 8, "bank": 7, "veto_part": 1.0}}, {"model": "netIITD.banknation", "pk": 28, "fields": {"nation": 9, "bank": 4, "veto_part": 1.0}}, {"model": "netIITD.banknation", "pk": 29, "fields": {"nation": 9, "bank": 5, "veto_part": 1.0}}, {"model": "netIITD.banknation", "pk": 30, "fields": {"nation": 9, "bank": 6, "veto_part": 1.0}}, {"model": "netIITD.banknation", "pk": 31, "fields": {"nation": 9, "bank": 7, "veto_part": 0.0}}, {"model": "netIITD.banknation", "pk": 32, "fields": {"nation": 10, "bank": 4, "veto_part": 1.0}}, {"model": "netIITD.banknation", "pk": 33, "fields": {"nation": 10, "bank": 5, "veto_part": 0.0}}, {"model": "netIITD.banknation", "pk": 34, "fields": {"nation": 10, "bank": 6, "veto_part": 0.0}}, {"model": "netIITD.banknation", "pk": 35, "fields": {"nation": 10, "bank": 7, "veto_part": 0.0}}, {"model": "netIITD.banknation", "pk": 36, "fields": {"nation": 11, "bank": 4, "veto_part": 0.0}}, {"model": "netIITD.banknation", "pk": 37, "fields": {"nation": 11, "bank": 5, "veto_part": 1.0}}, {"model": "netIITD.banknation", "pk": 38, "fields": {"nation": 11, "bank": 6, "veto_part": 0.0}}, {"model": "netIITD.banknation", "pk": 39, "fields": {"nation": 11, "bank": 7, "veto_part": 0.0}}, {"model": "netIITD.banknation", "pk": 40, "fields": {"nation": 12, "bank": 4, "veto_part": 0.0}}, {"model": "netIITD.banknation", "pk": 41, "fields": {"nation": 12, "bank": 5, "veto_part": 0.0}}, {"model": "netIITD.banknation", "pk": 42, "fields": {"nation": 12, "bank": 6, "veto_part": 0.0}}, {"model": "netIITD.banknation", "pk": 43, "fields": {"nation": 12, "bank": 7, "veto_part": 0.0}}, {"model": "netIITD.banknation", "pk": 44, "fields": {"nation": 13, "bank": 4, "veto_part": 0.0}}, {"model": "netIITD.banknation", "pk": 45, "fields": {"nation": 13, "bank": 5, "veto_part": 0.0}}, {"model": "netIITD.banknation", "pk": 46, "fields": {"nation": 13, "bank": 6, "veto_part": 1.0}}, {"model": "netIITD.banknation", "pk": 47, "fields": {"nation": 13, "bank": 7, "veto_part": 0.0}}, {"model": "netIITD.banknation", "pk": 48, "fields": {"nation": 14, "bank": 4, "veto_part": 1.0}}, {"model": "netIITD.banknation", "pk": 49, "fields": {"nation": 14, "bank": 5, "veto_part": 0.0}}, {"model": "netIITD.banknation", "pk": 50, "fields": {"nation": 14, "bank": 6, "veto_part": 0.0}}, {"model": "netIITD.banknation", "pk": 51, "fields": {"nation": 14, "bank": 7, "veto_part": 0.0}}, {"model": "netIITD.banknation", "pk": 52, "fields": {"nation": 15, "bank": 4, "veto_part": 1.0}}, {"model": "netIITD.banknation", "pk": 53, "fields": {"nation": 15, "bank": 5, "veto_part": 0.0}}, {"model": "netIITD.banknation", "pk": 54, "fields": {"nation": 15, "bank": 6, "veto_part": 0.0}}, {"model": "netIITD.banknation", "pk": 55, "fields": {"nation": 15, "bank": 7, "veto_part": 1.0}}, {"model": "netIITD.banknation", "pk": 56, "fields": {"nation": 16, "bank": 4, "veto_part": 1.0}}, {"model": "netIITD.banknation", "pk": 57, "fields": {"nation": 16, "bank": 5, "veto_part": 1.0}}, {"model": "netIITD.banknation", "pk": 58, "fields": {"nation": 16, "bank": 6, "veto_part": 1.0}}, {"model": "netIITD.banknation", "pk": 59, "fields": {"nation": 16, "bank": 7, "veto_part": 0.0}}, {"model": "netIITD.banknation", "pk": 60, "fields": {"nation": 17, "bank": 4, "veto_part": 0.0}}, {"model": "netIITD.banknation", "pk": 61, "fields": {"nation": 17, "bank": 5, "veto_part": 1.0}}, {"model": "netIITD.banknation", "pk": 62, "fields": {"nation": 17, "bank": 6, "veto_part": 0.0}}, {"model": "netIITD.banknation", "pk": 63, "fields": {"nation": 17, "bank": 7, "veto_part": 0.0}}, {"model": "netIITD.banknation", "pk": 64, "fields": {"nation": 18, "bank": 4, "veto_part": 0.0}}, {"model": "netIITD.banknation", "pk": 65, "fields": {"nation": 18, "bank": 5, "veto_part": 2.0}}, {"model": "netIITD.banknation", "pk": 66, "fields": {"nation": 18, "bank": 6, "veto_part": 0.0}}, {"model": "netIITD.banknation", "pk": 67, "fields": {"nation": 18, "bank": 7, "veto_part": 0.0}}, {"model": "netIITD.banknation", "pk": 68, "fields": {"nation": 19, "bank": 4, "veto_part": 0.0}}, {"model": "netIITD.banknation", "pk": 69, "fields": {"nation": 19, "bank": 5, "veto_part": 1.0}}, {"model": "netIITD.banknation", "pk": 70, "fields": {"nation": 19, "bank": 6, "veto_part": 0.0}}, {"model": "netIITD.banknation", "pk": 71, "fields": {"nation": 19, "bank": 7, "veto_part": 0.0}}, {"model": "netIITD.banknation", "pk": 72, "fields": {"nation": 20, "bank": 4, "veto_part": 0.0}}, {"model": "netIITD.banknation", "pk": 73, "fields": {"nation": 20, "bank": 5, "veto_part": 0.0}}, {"model": "netIITD.banknation", "pk": 74, "fields": {"nation": 20, "bank": 6, "veto_part": 0.0}}, {"model": "netIITD.banknation", "pk": 75, "fields": {"nation": 20, "bank": 7, "veto_part": 0.0}}, {"model": "netIITD.loantrans", "pk": 38, "fields": {"com": 28, "bank": 5, "ret": 53500.0}}, {"model": "netIITD.loantrans", "pk": 39, "fields": {"com": 28, "bank": 5, "ret": 54000.0}}, {"model": "netIITD.loantrans", "pk": 40, "fields": {"com": 21, "bank": 5, "ret": 42800.0}}, {"model": "netIITD.loantrans", "pk": 41, "fields": {"com": 21, "bank": 5, "ret": 43200.0}}, {"model": "netIITD.loantrans", "pk": 42, "fields": {"com": 18, "bank": 5, "ret": 106000.0}}, {"model": "netIITD.loantrans", "pk": 43, "fields": {"com": 21, "bank": 5, "ret": 54500.0}}, {"model": "netIITD.loantrans", "pk": 44, "fields": {"com": 17, "bank": 5, "ret": 163500.0}}, {"model": "netIITD.loantrans", "pk": 45, "fields": {"com": 31, "bank": 5, "ret": 80250.0}}, {"model": "netIITD.loantrans", "pk": 46, "fields": {"com": 23, "bank": 5, "ret": 80250.0}}, {"model": "netIITD.loantrans", "pk": 47, "fields": {"com": 29, "bank": 5, "ret": 166500.0}}, {"model": "netIITD.loantrans", "pk": 48, "fields": {"com": 28, "bank": 7, "ret": 267500.0}}, {"model": "netIITD.loantrans", "pk": 49, "fields": {"com": 16, "bank": 7, "ret": 218000.0}}, {"model": "netIITD.loantrans", "pk": 50, "fields": {"com": 33, "bank": 7, "ret": 214000.0}}, {"model": "netIITD.loantrans", "pk": 51, "fields": {"com": 20, "bank": 7, "ret": 153700.0}}, {"model": "netIITD.loantrans", "pk": 52, "fields": {"com": 21, "bank": 4, "ret": 22600.0}}, {"model": "netIITD.loantrans", "pk": 53, "fields": {"com": 27, "bank": 4, "ret": 222000.0}}, {"model": "netIITD.loantrans", "pk": 54, "fields": {"com": 25, "bank": 4, "ret": 163500.0}}, {"model": "netIITD.loantrans", "pk": 55, "fields": {"com": 31, "bank": 4, "ret": 118000.0}}, {"model": "netIITD.loantrans", "pk": 56, "fields": {"com": 32, "bank": 4, "ret": 109000.0}}, {"model": "netIITD.loantrans", "pk": 57, "fields": {"com": 35, "bank": 4, "ret": 220000.0}}, {"model": "netIITD.loantrans", "pk": 58, "fields": {"com": 22, "bank": 4, "ret": 220000.0}}, {"model": "netIITD.loantrans", "pk": 59, "fields": {"com": 35, "bank": 4, "ret": 55500.0}}, {"model": "netIITD.loantrans", "pk": 60, "fields": {"com": 29, "bank": 4, "ret": 144300.0}}, {"model": "netIITD.loantrans", "pk": 61, "fields": {"com": 19, "bank": 4, "ret": 163500.0}}, {"model": "netIITD.loantrans", "pk": 62, "fields": {"com": 30, "bank": 4, "ret": 105000.0}}, {"model": "netIITD.loantrans", "pk": 63, "fields": {"com": 25, "bank": 4, "ret": 157500.0}}, {"model": "netIITD.loantrans", "pk": 64, "fields": {"com": 32, "bank": 6, "ret": 66700.0}}, {"model": "netIITD.loantrans", "pk": 65, "fields": {"com": 22, "bank": 6, "ret": 218000.0}}, {"model": "netIITD.loantrans", "pk": 66, "fields": {"com": 34, "bank": 6, "ret": 115000.0}}, {"model": "netIITD.loantrans", "pk": 67, "fields": {"com": 24, "bank": 6, "ret": 120750.0}}, {"model": "netIITD.loantrans", "pk": 68, "fields": {"com": 23, "bank": 6, "ret": 272500.0}}, {"model": "contenttypes.contenttype", "pk": 1, "fields": {"app_label": "netIITD", "model": "material"}}, {"model": "contenttypes.contenttype", "pk": 2, "fields": {"app_label": "netIITD", "model": "company"}}, {"model": "contenttypes.contenttype", "pk": 3, "fields": {"app_label": "netIITD", "model": "bank"}}, {"model": "contenttypes.contenttype", "pk": 4, "fields": {"app_label": "netIITD", "model": "nation"}}, {"model": "contenttypes.contenttype", "pk": 5, "fields": {"app_label": "netIITD", "model": "prodtrans"}}, {"model": "contenttypes.contenttype", "pk": 6, "fields": {"app_label": "netIITD", "model": "banknation"}}, {"model": "contenttypes.contenttype", "pk": 7, "fields": {"app_label": "netIITD", "model": "commat"}}, {"model": "contenttypes.contenttype", "pk": 9, "fields": {"app_label": "netIITD", "model": "purprodhouse"}}, {"model": "contenttypes.contenttype", "pk": 10, "fields": {"app_label": "netIITD", "model": "purbankveto"}}, {"model": "contenttypes.contenttype", "pk": 11, "fields": {"app_label": "netIITD", "model": "prodreq"}}, {"model": "contenttypes.contenttype", "pk": 12, "fields": {"app_label": "netIITD", "model": "loantrans"}}, {"model": "contenttypes.contenttype", "pk": 15, "fields": {"app_label": "djcelery", "model": "workerstate"}}, {"model": "contenttypes.contenttype", "pk": 16, "fields": {"app_label": "djcelery", "model": "periodictasks"}}, {"model": "contenttypes.contenttype", "pk": 17, "fields": {"app_label": "djcelery", "model": "periodictask"}}, {"model": "contenttypes.contenttype", "pk": 18, "fields": {"app_label": "djcelery", "model": "tasksetmeta"}}, {"model": "contenttypes.contenttype", "pk": 19, "fields": {"app_label": "djcelery", "model": "intervalschedule"}}, {"model": "contenttypes.contenttype", "pk": 20, "fields": {"app_label": "djcelery", "model": "crontabschedule"}}, {"model": "contenttypes.contenttype", "pk": 21, "fields": {"app_label": "djcelery", "model": "taskstate"}}, {"model": "contenttypes.contenttype", "pk": 22, "fields": {"app_label": "djcelery", "model": "taskmeta"}}, {"model": "contenttypes.contenttype", "pk": 23, "fields": {"app_label": "kombu_transport_django", "model": "message"}}, {"model": "contenttypes.contenttype", "pk": 24, "fields": {"app_label": "kombu_transport_django", "model": "queue"}}, {"model": "contenttypes.contenttype", "pk": 25, "fields": {"app_label": "admin", "model": "logentry"}}, {"model": "contenttypes.contenttype", "pk": 26, "fields": {"app_label": "auth", "model": "user"}}, {"model": "contenttypes.contenttype", "pk": 27, "fields": {"app_label": "auth", "model": "group"}}, {"model": "contenttypes.contenttype", "pk": 28, "fields": {"app_label": "auth", "model": "permission"}}, {"model": "contenttypes.contenttype", "pk": 29, "fields": {"app_label": "contenttypes", "model": "contenttype"}}, {"model": "contenttypes.contenttype", "pk": 30, "fields": {"app_label": "sessions", "model": "session"}}, {"model": "sessions.session", "pk": "b0c69cl1q8kqngufim0ai6sxeyysgwh5", "fields": {"session_data": "NDYxNWEyYTVlNjExYTQ3MzRjZDJkNjkwZTRjMTM4ZmI2NDRhMWFmMDp7Il9hdXRoX3VzZXJfYmFja2VuZCI6ImRqYW5nby5jb250cmliLmF1dGguYmFja2VuZHMuTW9kZWxCYWNrZW5kIiwiX2F1dGhfdXNlcl9pZCI6IjEiLCJfYXV0aF91c2VyX2hhc2giOiI3MDIxYzY1MmJjZWMyZTE1MjU4ZWFmNzRiYmYyMzcyNDE3MTE2MzBmIn0=", "expire_date": "2016-10-07T22:44:14.541Z"}}, {"model": "sessions.session", "pk": "df94azh0z1wqar68gwk4xaync6bx1am3", "fields": {"session_data": "MDM0MDJmN2I5YTU1NDhjYTlmMTAzYzYyNjAwMjMxYTllNTVhNjUxZjp7Il9hdXRoX3VzZXJfaGFzaCI6IjcwMjFjNjUyYmNlYzJlMTUyNThlYWY3NGJiZjIzNzI0MTcxMTYzMGYiLCJfYXV0aF91c2VyX2JhY2tlbmQiOiJkamFuZ28uY29udHJpYi5hdXRoLmJhY2tlbmRzLk1vZGVsQmFja2VuZCIsIl9hdXRoX3VzZXJfaWQiOiIxIn0=", "expire_date": "2016-10-08T07:07:15.400Z"}}, {"model": "sessions.session", "pk": "wxbvkua19r1xhdfi3mtiv8z0t4amar8s", "fields": {"session_data": "NDYxNWEyYTVlNjExYTQ3MzRjZDJkNjkwZTRjMTM4ZmI2NDRhMWFmMDp7Il9hdXRoX3VzZXJfYmFja2VuZCI6ImRqYW5nby5jb250cmliLmF1dGguYmFja2VuZHMuTW9kZWxCYWNrZW5kIiwiX2F1dGhfdXNlcl9pZCI6IjEiLCJfYXV0aF91c2VyX2hhc2giOiI3MDIxYzY1MmJjZWMyZTE1MjU4ZWFmNzRiYmYyMzcyNDE3MTE2MzBmIn0=", "expire_date": "2016-10-07T22:02:14.610Z"}}, {"model": "auth.permission", "pk": 4, "fields": {"name": "Can add bank nation", "content_type": 6, "codename": "add_banknation"}}, {"model": "auth.permission", "pk": 5, "fields": {"name": "Can change bank nation", "content_type": 6, "codename": "change_banknation"}}, {"model": "auth.permission", "pk": 6, "fields": {"name": "Can delete bank nation", "content_type": 6, "codename": "delete_banknation"}}, {"model": "auth.permission", "pk": 7, "fields": {"name": "Can add pur prod house", "content_type": 9, "codename": "add_purprodhouse"}}, {"model": "auth.permission", "pk": 8, "fields": {"name": "Can change pur prod house", "content_type": 9, "codename": "change_purprodhouse"}}, {"model": "auth.permission", "pk": 9, "fields": {"name": "Can delete pur prod house", "content_type": 9, "codename": "delete_purprodhouse"}}, {"model": "auth.permission", "pk": 10, "fields": {"name": "Can add pur bank veto", "content_type": 10, "codename": "add_purbankveto"}}, {"model": "auth.permission", "pk": 11, "fields": {"name": "Can change pur bank veto", "content_type": 10, "codename": "change_purbankveto"}}, {"model": "auth.permission", "pk": 12, "fields": {"name": "Can delete pur bank veto", "content_type": 10, "codename": "delete_purbankveto"}}, {"model": "auth.permission", "pk": 13, "fields": {"name": "Can add material", "content_type": 1, "codename": "add_material"}}, {"model": "auth.permission", "pk": 14, "fields": {"name": "Can change material", "content_type": 1, "codename": "change_material"}}, {"model": "auth.permission", "pk": 15, "fields": {"name": "Can delete material", "content_type": 1, "codename": "delete_material"}}, {"model": "auth.permission", "pk": 16, "fields": {"name": "Can add prod req", "content_type": 11, "codename": "add_prodreq"}}, {"model": "auth.permission", "pk": 17, "fields": {"name": "Can change prod req", "content_type": 11, "codename": "change_prodreq"}}, {"model": "auth.permission", "pk": 18, "fields": {"name": "Can delete prod req", "content_type": 11, "codename": "delete_prodreq"}}, {"model": "auth.permission", "pk": 19, "fields": {"name": "Can add prod trans", "content_type": 5, "codename": "add_prodtrans"}}, {"model": "auth.permission", "pk": 20, "fields": {"name": "Can change prod trans", "content_type": 5, "codename": "change_prodtrans"}}, {"model": "auth.permission", "pk": 21, "fields": {"name": "Can delete prod trans", "content_type": 5, "codename": "delete_prodtrans"}}, {"model": "auth.permission", "pk": 22, "fields": {"name": "Can add nation", "content_type": 4, "codename": "add_nation"}}, {"model": "auth.permission", "pk": 23, "fields": {"name": "Can change nation", "content_type": 4, "codename": "change_nation"}}, {"model": "auth.permission", "pk": 24, "fields": {"name": "Can delete nation", "content_type": 4, "codename": "delete_nation"}}, {"model": "auth.permission", "pk": 25, "fields": {"name": "Can add bank", "content_type": 3, "codename": "add_bank"}}, {"model": "auth.permission", "pk": 26, "fields": {"name": "Can change bank", "content_type": 3, "codename": "change_bank"}}, {"model": "auth.permission", "pk": 27, "fields": {"name": "Can delete bank", "content_type": 3, "codename": "delete_bank"}}, {"model": "auth.permission", "pk": 28, "fields": {"name": "Can add company", "content_type": 2, "codename": "add_company"}}, {"model": "auth.permission", "pk": 29, "fields": {"name": "Can change company", "content_type": 2, "codename": "change_company"}}, {"model": "auth.permission", "pk": 30, "fields": {"name": "Can delete company", "content_type": 2, "codename": "delete_company"}}, {"model": "auth.permission", "pk": 31, "fields": {"name": "Can add loan trans", "content_type": 12, "codename": "add_loantrans"}}, {"model": "auth.permission", "pk": 32, "fields": {"name": "Can change loan trans", "content_type": 12, "codename": "change_loantrans"}}, {"model": "auth.permission", "pk": 33, "fields": {"name": "Can delete loan trans", "content_type": 12, "codename": "delete_loantrans"}}, {"model": "auth.permission", "pk": 37, "fields": {"name": "Can add com mat", "content_type": 7, "codename": "add_commat"}}, {"model": "auth.permission", "pk": 38, "fields": {"name": "Can change com mat", "content_type": 7, "codename": "change_commat"}}, {"model": "auth.permission", "pk": 39, "fields": {"name": "Can delete com mat", "content_type": 7, "codename": "delete_commat"}}, {"model": "auth.permission", "pk": 43, "fields": {"name": "Can add worker", "content_type": 15, "codename": "add_workerstate"}}, {"model": "auth.permission", "pk": 44, "fields": {"name": "Can change worker", "content_type": 15, "codename": "change_workerstate"}}, {"model": "auth.permission", "pk": 45, "fields": {"name": "Can delete worker", "content_type": 15, "codename": "delete_workerstate"}}, {"model": "auth.permission", "pk": 46, "fields": {"name": "Can add periodic tasks", "content_type": 16, "codename": "add_periodictasks"}}, {"model": "auth.permission", "pk": 47, "fields": {"name": "Can change periodic tasks", "content_type": 16, "codename": "change_periodictasks"}}, {"model": "auth.permission", "pk": 48, "fields": {"name": "Can delete periodic tasks", "content_type": 16, "codename": "delete_periodictasks"}}, {"model": "auth.permission", "pk": 49, "fields": {"name": "Can add periodic task", "content_type": 17, "codename": "add_periodictask"}}, {"model": "auth.permission", "pk": 50, "fields": {"name": "Can change periodic task", "content_type": 17, "codename": "change_periodictask"}}, {"model": "auth.permission", "pk": 51, "fields": {"name": "Can delete periodic task", "content_type": 17, "codename": "delete_periodictask"}}, {"model": "auth.permission", "pk": 52, "fields": {"name": "Can add saved group result", "content_type": 18, "codename": "add_tasksetmeta"}}, {"model": "auth.permission", "pk": 53, "fields": {"name": "Can change saved group result", "content_type": 18, "codename": "change_tasksetmeta"}}, {"model": "auth.permission", "pk": 54, "fields": {"name": "Can delete saved group result", "content_type": 18, "codename": "delete_tasksetmeta"}}, {"model": "auth.permission", "pk": 55, "fields": {"name": "Can add interval", "content_type": 19, "codename": "add_intervalschedule"}}, {"model": "auth.permission", "pk": 56, "fields": {"name": "Can change interval", "content_type": 19, "codename": "change_intervalschedule"}}, {"model": "auth.permission", "pk": 57, "fields": {"name": "Can delete interval", "content_type": 19, "codename": "delete_intervalschedule"}}, {"model": "auth.permission", "pk": 58, "fields": {"name": "Can add crontab", "content_type": 20, "codename": "add_crontabschedule"}}, {"model": "auth.permission", "pk": 59, "fields": {"name": "Can change crontab", "content_type": 20, "codename": "change_crontabschedule"}}, {"model": "auth.permission", "pk": 60, "fields": {"name": "Can delete crontab", "content_type": 20, "codename": "delete_crontabschedule"}}, {"model": "auth.permission", "pk": 61, "fields": {"name": "Can add task", "content_type": 21, "codename": "add_taskstate"}}, {"model": "auth.permission", "pk": 62, "fields": {"name": "Can change task", "content_type": 21, "codename": "change_taskstate"}}, {"model": "auth.permission", "pk": 63, "fields": {"name": "Can delete task", "content_type": 21, "codename": "delete_taskstate"}}, {"model": "auth.permission", "pk": 64, "fields": {"name": "Can add task state", "content_type": 22, "codename": "add_taskmeta"}}, {"model": "auth.permission", "pk": 65, "fields": {"name": "Can change task state", "content_type": 22, "codename": "change_taskmeta"}}, {"model": "auth.permission", "pk": 66, "fields": {"name": "Can delete task state", "content_type": 22, "codename": "delete_taskmeta"}}, {"model": "auth.permission", "pk": 67, "fields": {"name": "Can add message", "content_type": 23, "codename": "add_message"}}, {"model": "auth.permission", "pk": 68, "fields": {"name": "Can change message", "content_type": 23, "codename": "change_message"}}, {"model": "auth.permission", "pk": 69, "fields": {"name": "Can delete message", "content_type": 23, "codename": "delete_message"}}, {"model": "auth.permission", "pk": 70, "fields": {"name": "Can add queue", "content_type": 24, "codename": "add_queue"}}, {"model": "auth.permission", "pk": 71, "fields": {"name": "Can change queue", "content_type": 24, "codename": "change_queue"}}, {"model": "auth.permission", "pk": 72, "fields": {"name": "Can delete queue", "content_type": 24, "codename": "delete_queue"}}, {"model": "auth.permission", "pk": 73, "fields": {"name": "Can add log entry", "content_type": 25, "codename": "add_logentry"}}, {"model": "auth.permission", "pk": 74, "fields": {"name": "Can change log entry", "content_type": 25, "codename": "change_logentry"}}, {"model": "auth.permission", "pk": 75, "fields": {"name": "Can delete log entry", "content_type": 25, "codename": "delete_logentry"}}, {"model": "auth.permission", "pk": 76, "fields": {"name": "Can add user", "content_type": 26, "codename": "add_user"}}, {"model": "auth.permission", "pk": 77, "fields": {"name": "Can change user", "content_type": 26, "codename": "change_user"}}, {"model": "auth.permission", "pk": 78, "fields": {"name": "Can delete user", "content_type": 26, "codename": "delete_user"}}, {"model": "auth.permission", "pk": 79, "fields": {"name": "Can add group", "content_type": 27, "codename": "add_group"}}, {"model": "auth.permission", "pk": 80, "fields": {"name": "Can change group", "content_type": 27, "codename": "change_group"}}, {"model": "auth.permission", "pk": 81, "fields": {"name": "Can delete group", "content_type": 27, "codename": "delete_group"}}, {"model": "auth.permission", "pk": 82, "fields": {"name": "Can add permission", "content_type": 28, "codename": "add_permission"}}, {"model": "auth.permission", "pk": 83, "fields": {"name": "Can change permission", "content_type": 28, "codename": "change_permission"}}, {"model": "auth.permission", "pk": 84, "fields": {"name": "Can delete permission", "content_type": 28, "codename": "delete_permission"}}, {"model": "auth.permission", "pk": 85, "fields": {"name": "Can add content type", "content_type": 29, "codename": "add_contenttype"}}, {"model": "auth.permission", "pk": 86, "fields": {"name": "Can change content type", "content_type": 29, "codename": "change_contenttype"}}, {"model": "auth.permission", "pk": 87, "fields": {"name": "Can delete content type", "content_type": 29, "codename": "delete_contenttype"}}, {"model": "auth.permission", "pk": 88, "fields": {"name": "Can add session", "content_type": 30, "codename": "add_session"}}, {"model": "auth.permission", "pk": 89, "fields": {"name": "Can change session", "content_type": 30, "codename": "change_session"}}, {"model": "auth.permission", "pk": 90, "fields": {"name": "Can delete session", "content_type": 30, "codename": "delete_session"}}, {"model": "auth.user", "pk": 1, "fields": {"password": "pbkdf2_sha256$30000$I7FBaUXAbeFX$bEiXMWzukOWtM2cpacz3Js/aT9tCTHhk/KkPTrJKeEQ=", "last_login": "2016-09-24T07:07:15.395Z", "is_superuser": true, "username": "prakhar0409", "first_name": "", "last_name": "", "email": "prakhar0409@gmail.com", "is_staff": true, "is_active": true, "date_joined": "2016-09-23T22:02:02.624Z", "groups": [], "user_permissions": []}}, {"model": "admin.logentry", "pk": 1, "fields": {"action_time": "2016-09-23T22:02:43.386Z", "user": 1, "content_type": 1, "object_id": "1", "object_repr": "Agriculture", "action_flag": 1, "change_message": "[{\"added\": {}}]"}}, {"model": "admin.logentry", "pk": 2, "fields": {"action_time": "2016-09-23T22:02:51.451Z", "user": 1, "content_type": 1, "object_id": "2", "object_repr": "Electronics", "action_flag": 1, "change_message": "[{\"added\": {}}]"}}, {"model": "admin.logentry", "pk": 3, "fields": {"action_time": "2016-09-23T22:03:00.762Z", "user": 1, "content_type": 1, "object_id": "3", "object_repr": "Machinery", "action_flag": 1, "change_message": "[{\"added\": {}}]"}}, {"model": "admin.logentry", "pk": 4, "fields": {"action_time": "2016-09-23T22:03:04.889Z", "user": 1, "content_type": 1, "object_id": "4", "object_repr": "Oil", "action_flag": 1, "change_message": "[{\"added\": {}}]"}}, {"model": "admin.logentry", "pk": 5, "fields": {"action_time": "2016-09-23T22:03:09.629Z", "user": 1, "content_type": 1, "object_id": "5", "object_repr": "Pharma", "action_flag": 1, "change_message": "[{\"added\": {}}]"}}, {"model": "admin.logentry", "pk": 6, "fields": {"action_time": "2016-09-23T22:03:13.618Z", "user": 1, "content_type": 1, "object_id": "6", "object_repr": "Steel", "action_flag": 1, "change_message": "[{\"added\": {}}]"}}, {"model": "admin.logentry", "pk": 7, "fields": {"action_time": "2016-09-23T22:03:18.804Z", "user": 1, "content_type": 1, "object_id": "7", "object_repr": "Textile", "action_flag": 1, "change_message": "[{\"added\": {}}]"}}, {"model": "admin.logentry", "pk": 8, "fields": {"action_time": "2016-09-23T22:03:42.753Z", "user": 1, "content_type": 2, "object_id": "1", "object_repr": "A", "action_flag": 1, "change_message": "[{\"added\": {}}]"}}, {"model": "admin.logentry", "pk": 9, "fields": {"action_time": "2016-09-23T22:04:03.150Z", "user": 1, "content_type": 2, "object_id": "2", "object_repr": "A2", "action_flag": 1, "change_message": "[{\"added\": {}}]"}}, {"model": "admin.logentry", "pk": 10, "fields": {"action_time": "2016-09-23T22:04:12.123Z", "user": 1, "content_type": 2, "object_id": "3", "object_repr": "A3", "action_flag": 1, "change_message": "[{\"added\": {}}]"}}, {"model": "admin.logentry", "pk": 11, "fields": {"action_time": "2016-09-23T22:04:17.064Z", "user": 1, "content_type": 2, "object_id": "4", "object_repr": "B1", "action_flag": 1, "change_message": "[{\"added\": {}}]"}}, {"model": "admin.logentry", "pk": 12, "fields": {"action_time": "2016-09-23T22:04:21.755Z", "user": 1, "content_type": 2, "object_id": "5", "object_repr": "B2", "action_flag": 1, "change_message": "[{\"added\": {}}]"}}, {"model": "admin.logentry", "pk": 13, "fields": {"action_time": "2016-09-23T22:04:32.988Z", "user": 1, "content_type": 2, "object_id": "6", "object_repr": "C1", "action_flag": 1, "change_message": "[{\"added\": {}}]"}}, {"model": "admin.logentry", "pk": 14, "fields": {"action_time": "2016-09-23T22:04:37.916Z", "user": 1, "content_type": 2, "object_id": "7", "object_repr": "D1", "action_flag": 1, "change_message": "[{\"added\": {}}]"}}, {"model": "admin.logentry", "pk": 15, "fields": {"action_time": "2016-09-23T22:04:45.868Z", "user": 1, "content_type": 2, "object_id": "8", "object_repr": "E1", "action_flag": 1, "change_message": "[{\"added\": {}}]"}}, {"model": "admin.logentry", "pk": 16, "fields": {"action_time": "2016-09-23T22:05:00.242Z", "user": 1, "content_type": 2, "object_id": "9", "object_repr": "F1", "action_flag": 1, "change_message": "[{\"added\": {}}]"}}, {"model": "admin.logentry", "pk": 17, "fields": {"action_time": "2016-09-23T22:05:08.058Z", "user": 1, "content_type": 2, "object_id": "10", "object_repr": "G1", "action_flag": 1, "change_message": "[{\"added\": {}}]"}}, {"model": "admin.logentry", "pk": 18, "fields": {"action_time": "2016-09-23T22:05:19.649Z", "user": 1, "content_type": 3, "object_id": "1", "object_repr": "B1", "action_flag": 1, "change_message": "[{\"added\": {}}]"}}, {"model": "admin.logentry", "pk": 19, "fields": {"action_time": "2016-09-23T22:05:24.813Z", "user": 1, "content_type": 3, "object_id": "2", "object_repr": "B2", "action_flag": 1, "change_message": "[{\"added\": {}}]"}}, {"model": "admin.logentry", "pk": 20, "fields": {"action_time": "2016-09-23T22:05:27.091Z", "user": 1, "content_type": 3, "object_id": "3", "object_repr": "B3", "action_flag": 1, "change_message": "[{\"added\": {}}]"}}, {"model": "admin.logentry", "pk": 21, "fields": {"action_time": "2016-09-23T22:05:37.047Z", "user": 1, "content_type": 4, "object_id": "1", "object_repr": "N1", "action_flag": 1, "change_message": "[{\"added\": {}}]"}}, {"model": "admin.logentry", "pk": 22, "fields": {"action_time": "2016-09-23T22:05:40.030Z", "user": 1, "content_type": 4, "object_id": "2", "object_repr": "N2", "action_flag": 1, "change_message": "[{\"added\": {}}]"}}, {"model": "admin.logentry", "pk": 23, "fields": {"action_time": "2016-09-23T22:05:44.735Z", "user": 1, "content_type": 4, "object_id": "3", "object_repr": "N3", "action_flag": 1, "change_message": "[{\"added\": {}}]"}}, {"model": "admin.logentry", "pk": 24, "fields": {"action_time": "2016-09-23T22:05:47.666Z", "user": 1, "content_type": 4, "object_id": "4", "object_repr": "N4", "action_flag": 1, "change_message": "[{\"added\": {}}]"}}, {"model": "admin.logentry", "pk": 25, "fields": {"action_time": "2016-09-23T22:05:50.223Z", "user": 1, "content_type": 4, "object_id": "5", "object_repr": "N5", "action_flag": 1, "change_message": "[{\"added\": {}}]"}}, {"model": "admin.logentry", "pk": 26, "fields": {"action_time": "2016-09-24T05:56:43.611Z", "user": 1, "content_type": 2, "object_id": "10", "object_repr": "G1", "action_flag": 3, "change_message": ""}}, {"model": "admin.logentry", "pk": 27, "fields": {"action_time": "2016-09-24T05:56:43.617Z", "user": 1, "content_type": 2, "object_id": "9", "object_repr": "F1", "action_flag": 3, "change_message": ""}}, {"model": "admin.logentry", "pk": 28, "fields": {"action_time": "2016-09-24T05:56:43.625Z", "user": 1, "content_type": 2, "object_id": "8", "object_repr": "E1", "action_flag": 3, "change_message": ""}}, {"model": "admin.logentry", "pk": 29, "fields": {"action_time": "2016-09-24T05:56:43.628Z", "user": 1, "content_type": 2, "object_id": "7", "object_repr": "D1", "action_flag": 3, "change_message": ""}}, {"model": "admin.logentry", "pk": 30, "fields": {"action_time": "2016-09-24T05:56:43.632Z", "user": 1, "content_type": 2, "object_id": "6", "object_repr": "C1", "action_flag": 3, "change_message": ""}}, {"model": "admin.logentry", "pk": 31, "fields": {"action_time": "2016-09-24T05:56:43.636Z", "user": 1, "content_type": 2, "object_id": "5", "object_repr": "B2", "action_flag": 3, "change_message": ""}}, {"model": "admin.logentry", "pk": 32, "fields": {"action_time": "2016-09-24T05:56:43.640Z", "user": 1, "content_type": 2, "object_id": "4", "object_repr": "B1", "action_flag": 3, "change_message": ""}}, {"model": "admin.logentry", "pk": 33, "fields": {"action_time": "2016-09-24T05:56:43.644Z", "user": 1, "content_type": 2, "object_id": "3", "object_repr": "A3", "action_flag": 3, "change_message": ""}}, {"model": "admin.logentry", "pk": 34, "fields": {"action_time": "2016-09-24T05:56:43.648Z", "user": 1, "content_type": 2, "object_id": "2", "object_repr": "A2", "action_flag": 3, "change_message": ""}}, {"model": "admin.logentry", "pk": 35, "fields": {"action_time": "2016-09-24T05:56:43.652Z", "user": 1, "content_type": 2, "object_id": "1", "object_repr": "A", "action_flag": 3, "change_message": ""}}, {"model": "admin.logentry", "pk": 36, "fields": {"action_time": "2016-09-24T05:57:21.236Z", "user": 1, "content_type": 2, "object_id": "11", "object_repr": "i", "action_flag": 1, "change_message": "[{\"added\": {}}]"}}, {"model": "admin.logentry", "pk": 37, "fields": {"action_time": "2016-09-24T05:57:35.024Z", "user": 1, "content_type": 2, "object_id": "12", "object_repr": "jokers", "action_flag": 1, "change_message": "[{\"added\": {}}]"}}, {"model": "admin.logentry", "pk": 38, "fields": {"action_time": "2016-09-24T05:57:49.623Z", "user": 1, "content_type": 2, "object_id": "13", "object_repr": "Codeless", "action_flag": 1, "change_message": "[{\"added\": {}}]"}}, {"model": "admin.logentry", "pk": 39, "fields": {"action_time": "2016-09-24T05:58:12.308Z", "user": 1, "content_type": 2, "object_id": "14", "object_repr": "Gameboy", "action_flag": 1, "change_message": "[{\"added\": {}}]"}}, {"model": "admin.logentry", "pk": 40, "fields": {"action_time": "2016-09-24T05:58:19.900Z", "user": 1, "content_type": 2, "object_id": "15", "object_repr": "Bitches", "action_flag": 1, "change_message": "[{\"added\": {}}]"}}, {"model": "admin.logentry", "pk": 41, "fields": {"action_time": "2016-09-24T07:08:34.137Z", "user": 1, "content_type": 3, "object_id": "3", "object_repr": "B3", "action_flag": 3, "change_message": ""}}, {"model": "admin.logentry", "pk": 42, "fields": {"action_time": "2016-09-24T07:08:34.140Z", "user": 1, "content_type": 3, "object_id": "2", "object_repr": "B2", "action_flag": 3, "change_message": ""}}, {"model": "admin.logentry", "pk": 43, "fields": {"action_time": "2016-09-24T07:08:34.144Z", "user": 1, "content_type": 3, "object_id": "1", "object_repr": "B1", "action_flag": 3, "change_message": ""}}, {"model": "admin.logentry", "pk": 44, "fields": {"action_time": "2016-09-24T07:09:23.793Z", "user": 1, "content_type": 3, "object_id": "4", "object_repr": "Easy Cash", "action_flag": 1, "change_message": "[{\"added\": {}}]"}}, {"model": "admin.logentry", "pk": 45, "fields": {"action_time": "2016-09-24T07:09:39.178Z", "user": 1, "content_type": 3, "object_id": "5", "object_repr": "CREDMAX", "action_flag": 1, "change_message": "[{\"added\": {}}]"}}, {"model": "admin.logentry", "pk": 46, "fields": {"action_time": "2016-09-24T07:09:51.222Z", "user": 1, "content_type": 3, "object_id": "6", "object_repr": "Bank of Gotham", "action_flag": 1, "change_message": "[{\"added\": {}}]"}}, {"model": "admin.logentry", "pk": 47, "fields": {"action_time": "2016-09-24T07:10:00.876Z", "user": 1, "content_type": 3, "object_id": "7", "object_repr": "National Bank", "action_flag": 1, "change_message": "[{\"added\": {}}]"}}, {"model": "admin.logentry", "pk": 48, "fields": {"action_time": "2016-09-24T07:10:33.019Z", "user": 1, "content_type": 4, "object_id": "5", "object_repr": "N5", "action_flag": 3, "change_message": ""}}, {"model": "admin.logentry", "pk": 49, "fields": {"action_time": "2016-09-24T07:10:33.024Z", "user": 1, "content_type": 4, "object_id": "4", "object_repr": "N4", "action_flag": 3, "change_message": ""}}, {"model": "admin.logentry", "pk": 50, "fields": {"action_time": "2016-09-24T07:10:33.029Z", "user": 1, "content_type": 4, "object_id": "3", "object_repr": "N3", "action_flag": 3, "change_message": ""}}, {"model": "admin.logentry", "pk": 51, "fields": {"action_time": "2016-09-24T07:10:33.033Z", "user": 1, "content_type": 4, "object_id": "2", "object_repr": "N2", "action_flag": 3, "change_message": ""}}, {"model": "admin.logentry", "pk": 52, "fields": {"action_time": "2016-09-24T07:10:33.037Z", "user": 1, "content_type": 4, "object_id": "1", "object_repr": "N1", "action_flag": 3, "change_message": ""}}, {"model": "admin.logentry", "pk": 53, "fields": {"action_time": "2016-09-24T07:11:41.314Z", "user": 1, "content_type": 4, "object_id": "6", "object_repr": "Giza", "action_flag": 1, "change_message": "[{\"added\": {}}]"}}, {"model": "admin.logentry", "pk": 54, "fields": {"action_time": "2016-09-24T07:11:47.477Z", "user": 1, "content_type": 4, "object_id": "7", "object_repr": "Atlantis", "action_flag": 1, "change_message": "[{\"added\": {}}]"}}, {"model": "admin.logentry", "pk": 55, "fields": {"action_time": "2016-09-24T07:11:51.223Z", "user": 1, "content_type": 4, "object_id": "8", "object_repr": "Westeros", "action_flag": 1, "change_message": "[{\"added\": {}}]"}}, {"model": "admin.logentry", "pk": 56, "fields": {"action_time": "2016-09-24T07:11:59.585Z", "user": 1, "content_type": 4, "object_id": "9", "object_repr": "Republic of Avlon", "action_flag": 1, "change_message": "[{\"added\": {}}]"}}, {"model": "admin.logentry", "pk": 57, "fields": {"action_time": "2016-09-24T07:12:04.790Z", "user": 1, "content_type": 4, "object_id": "10", "object_repr": "Damai", "action_flag": 1, "change_message": "[{\"added\": {}}]"}}, {"model": "admin.logentry", "pk": 58, "fields": {"action_time": "2016-09-24T07:13:00.907Z", "user": 1, "content_type": 4, "object_id": "11", "object_repr": "Voclor", "action_flag": 1, "change_message": "[{\"added\": {}}]"}}, {"model": "admin.logentry", "pk": 59, "fields": {"action_time": "2016-09-24T07:13:32.441Z", "user": 1, "content_type": 4, "object_id": "12", "object_repr": "Amanistan", "action_flag": 1, "change_message": "[{\"added\": {}}]"}}, {"model": "admin.logentry", "pk": 60, "fields": {"action_time": "2016-09-24T07:14:10.673Z", "user": 1, "content_type": 4, "object_id": "13", "object_repr": "Repubic of Coglant", "action_flag": 1, "change_message": "[{\"added\": {}}]"}}, {"model": "admin.logentry", "pk": 61, "fields": {"action_time": "2016-09-24T07:14:32.182Z", "user": 1, "content_type": 4, "object_id": "14", "object_repr": "Republic of Siah", "action_flag": 1, "change_message": "[{\"added\": {}}]"}}, {"model": "admin.logentry", "pk": 62, "fields": {"action_time": "2016-09-24T07:15:48.961Z", "user": 1, "content_type": 4, "object_id": "15", "object_repr": "Incredible", "action_flag": 1, "change_message": "[{\"added\": {}}]"}}, {"model": "admin.logentry", "pk": 63, "fields": {"action_time": "2016-09-24T07:15:55.745Z", "user": 1, "content_type": 4, "object_id": "16", "object_repr": "The Winterfell", "action_flag": 1, "change_message": "[{\"added\": {}}]"}}, {"model": "admin.logentry", "pk": 64, "fields": {"action_time": "2016-09-24T07:16:02.320Z", "user": 1, "content_type": 4, "object_id": "17", "object_repr": "Falcons", "action_flag": 1, "change_message": "[{\"added\": {}}]"}}, {"model": "admin.logentry", "pk": 65, "fields": {"action_time": "2016-09-24T07:16:11.095Z", "user": 1, "content_type": 4, "object_id": "18", "object_repr": "Matrix", "action_flag": 1, "change_message": "[{\"added\": {}}]"}}, {"model": "admin.logentry", "pk": 66, "fields": {"action_time": "2016-09-24T07:16:19.556Z", "user": 1, "content_type": 4, "object_id": "19", "object_repr": "Euinca", "action_flag": 1, "change_message": "[{\"added\": {}}]"}}, {"model": "admin.logentry", "pk": 67, "fields": {"action_time": "2016-09-24T07:16:59.355Z", "user": 1, "content_type": 4, "object_id": "20", "object_repr": "Victorious Secret", "action_flag": 1, "change_message": "[{\"added\": {}}]"}}, {"model": "admin.logentry", "pk": 68, "fields": {"action_time": "2016-09-24T09:12:08.629Z", "user": 1, "content_type": 2, "object_id": "15", "object_repr": "Bitches", "action_flag": 3, "change_message": ""}}, {"model": "admin.logentry", "pk": 69, "fields": {"action_time": "2016-09-24T09:12:08.634Z", "user": 1, "content_type": 2, "object_id": "14", "object_repr": "Gameboy", "action_flag": 3, "change_message": ""}}, {"model": "admin.logentry", "pk": 70, "fields": {"action_time": "2016-09-24T09:12:08.638Z", "user": 1, "content_type": 2, "object_id": "13", "object_repr": "Codeless", "action_flag": 3, "change_message": ""}}, {"model": "admin.logentry", "pk": 71, "fields": {"action_time": "2016-09-24T09:12:08.642Z", "user": 1, "content_type": 2, "object_id": "12", "object_repr": "jokers", "action_flag": 3, "change_message": ""}}, {"model": "admin.logentry", "pk": 72, "fields": {"action_time": "2016-09-24T09:12:08.646Z", "user": 1, "content_type": 2, "object_id": "11", "object_repr": "i", "action_flag": 3, "change_message": ""}}, {"model": "admin.logentry", "pk": 73, "fields": {"action_time": "2016-09-24T09:12:49.374Z", "user": 1, "content_type": 2, "object_id": "16", "object_repr": "Fabrica Textiles", "action_flag": 1, "change_message": "[{\"added\": {}}]"}}, {"model": "admin.logentry", "pk": 74, "fields": {"action_time": "2016-09-24T09:13:16.949Z", "user": 1, "content_type": 2, "object_id": "17", "object_repr": "Green Ferme", "action_flag": 1, "change_message": "[{\"added\": {}}]"}}, {"model": "admin.logentry", "pk": 75, "fields": {"action_time": "2016-09-24T09:13:32.592Z", "user": 1, "content_type": 2, "object_id": "18", "object_repr": "Elixir", "action_flag": 1, "change_message": "[{\"added\": {}}]"}}, {"model": "admin.logentry", "pk": 76, "fields": {"action_time": "2016-09-24T09:13:58.813Z", "user": 1, "content_type": 2, "object_id": "19", "object_repr": "Miyoshi", "action_flag": 1, "change_message": "[{\"added\": {}}]"}}, {"model": "admin.logentry", "pk": 77, "fields": {"action_time": "2016-09-24T09:14:12.393Z", "user": 1, "content_type": 2, "object_id": "20", "object_repr": "Olioa", "action_flag": 1, "change_message": "[{\"added\": {}}]"}}, {"model": "admin.logentry", "pk": 78, "fields": {"action_time": "2016-09-24T09:14:21.902Z", "user": 1, "content_type": 2, "object_id": "21", "object_repr": "Tekhertz", "action_flag": 1, "change_message": "[{\"added\": {}}]"}}, {"model": "admin.logentry", "pk": 79, "fields": {"action_time": "2016-09-24T09:14:33.689Z", "user": 1, "content_type": 2, "object_id": "22", "object_repr": "Sketch", "action_flag": 1, "change_message": "[{\"added\": {}}]"}}, {"model": "admin.logentry", "pk": 80, "fields": {"action_time": "2016-09-24T09:16:16.378Z", "user": 1, "content_type": 2, "object_id": "23", "object_repr": "Agrinet", "action_flag": 1, "change_message": "[{\"added\": {}}]"}}, {"model": "admin.logentry", "pk": 81, "fields": {"action_time": "2016-09-24T09:16:32.242Z", "user": 1, "content_type": 2, "object_id": "24", "object_repr": "Crusaders", "action_flag": 1, "change_message": "[{\"added\": {}}]"}}, {"model": "admin.logentry", "pk": 82, "fields": {"action_time": "2016-09-24T09:16:43.018Z", "user": 1, "content_type": 2, "object_id": "25", "object_repr": "Metallica", "action_flag": 1, "change_message": "[{\"added\": {}}]"}}, {"model": "admin.logentry", "pk": 83, "fields": {"action_time": "2016-09-24T09:16:51.996Z", "user": 1, "content_type": 2, "object_id": "26", "object_repr": "Pomadian", "action_flag": 1, "change_message": "[{\"added\": {}}]"}}, {"model": "admin.logentry", "pk": 84, "fields": {"action_time": "2016-09-24T09:17:01.078Z", "user": 1, "content_type": 2, "object_id": "27", "object_repr": "Mashi", "action_flag": 1, "change_message": "[{\"added\": {}}]"}}, {"model": "admin.logentry", "pk": 85, "fields": {"action_time": "2016-09-24T09:17:11.517Z", "user": 1, "content_type": 2, "object_id": "28", "object_repr": "Futuroelectrica", "action_flag": 1, "change_message": "[{\"added\": {}}]"}}, {"model": "admin.logentry", "pk": 86, "fields": {"action_time": "2016-09-24T09:17:20.721Z", "user": 1, "content_type": 2, "object_id": "29", "object_repr": "The Spartans", "action_flag": 1, "change_message": "[{\"added\": {}}]"}}, {"model": "admin.logentry", "pk": 87, "fields": {"action_time": "2016-09-24T09:17:29.168Z", "user": 1, "content_type": 2, "object_id": "30", "object_repr": "Agropark", "action_flag": 1, "change_message": "[{\"added\": {}}]"}}, {"model": "admin.logentry", "pk": 88, "fields": {"action_time": "2016-09-24T09:17:38.777Z", "user": 1, "content_type": 2, "object_id": "31", "object_repr": "Pizzane", "action_flag": 1, "change_message": "[{\"added\": {}}]"}}, {"model": "admin.logentry", "pk": 89, "fields": {"action_time": "2016-09-24T09:17:53.191Z", "user": 1, "content_type": 2, "object_id": "32", "object_repr": "Robust steel", "action_flag": 1, "change_message": "[{\"added\": {}}]"}}, {"model": "admin.logentry", "pk": 90, "fields": {"action_time": "2016-09-24T09:18:02.182Z", "user": 1, "content_type": 2, "object_id": "33", "object_repr": "United oil comp", "action_flag": 1, "change_message": "[{\"added\": {}}]"}}, {"model": "admin.logentry", "pk": 91, "fields": {"action_time": "2016-09-24T09:18:09.307Z", "user": 1, "content_type": 2, "object_id": "34", "object_repr": "mechtech", "action_flag": 1, "change_message": "[{\"added\": {}}]"}}, {"model": "admin.logentry", "pk": 92, "fields": {"action_time": "2016-09-24T09:18:17.334Z", "user": 1, "content_type": 2, "object_id": "35", "object_repr": "gearup", "action_flag": 1, "change_message": "[{\"added\": {}}]"}}, {"model": "admin.logentry", "pk": 93, "fields": {"action_time": "2016-09-24T10:54:13.022Z", "user": 1, "content_type": 4, "object_id": "9", "object_repr": "Republic of Avlon", "action_flag": 2, "change_message": "[{\"changed\": {\"fields\": [\"nation_money\"]}}]"}}, {"model": "admin.logentry", "pk": 94, "fields": {"action_time": "2016-09-24T10:54:35.063Z", "user": 1, "content_type": 3, "object_id": "6", "object_repr": "Bank of Gotham", "action_flag": 2, "change_message": "[{\"changed\": {\"fields\": [\"bank_money\"]}}]"}}, {"model": "admin.logentry", "pk": 95, "fields": {"action_time": "2016-09-24T10:55:05.038Z", "user": 1, "content_type": 3, "object_id": "6", "object_repr": "Bank of Gotham", "action_flag": 2, "change_message": "[{\"changed\": {\"fields\": [\"bank_money\"]}}]"}}, {"model": "admin.logentry", "pk": 96, "fields": {"action_time": "2016-09-24T10:55:14.433Z", "user": 1, "content_type": 3, "object_id": "6", "object_repr": "Bank of Gotham", "action_flag": 2, "change_message": "[]"}}, {"model": "admin.logentry", "pk": 97, "fields": {"action_time": "2016-09-24T11:35:13.008Z", "user": 1, "content_type": 2, "object_id": "27", "object_repr": "Mashi", "action_flag": 2, "change_message": "[{\"changed\": {\"fields\": [\"com_money\"]}}]"}}, {"model": "admin.logentry", "pk": 98, "fields": {"action_time": "2016-09-24T17:33:50.637Z", "user": 1, "content_type": 3, "object_id": "7", "object_repr": "National Bank", "action_flag": 2, "change_message": "[{\"changed\": {\"fields\": [\"bank_money\"]}}]"}}, {"model": "admin.logentry", "pk": 99, "fields": {"action_time": "2016-09-24T17:34:08.797Z", "user": 1, "content_type": 3, "object_id": "6", "object_repr": "Bank of Gotham", "action_flag": 2, "change_message": "[{\"changed\": {\"fields\": [\"bank_money\"]}}]"}}, {"model": "admin.logentry", "pk": 100, "fields": {"action_time": "2016-09-24T17:34:28.532Z", "user": 1, "content_type": 3, "object_id": "5", "object_repr": "CREDMAX", "action_flag": 2, "change_message": "[{\"changed\": {\"fields\": [\"bank_money\"]}}]"}}, {"model": "admin.logentry", "pk": 101, "fields": {"action_time": "2016-09-24T17:34:43.560Z", "user": 1, "content_type": 3, "object_id": "4", "object_repr": "Easy Cash", "action_flag": 2, "change_message": "[{\"changed\": {\"fields\": [\"bank_money\"]}}]"}}, {"model": "admin.logentry", "pk": 102, "fields": {"action_time": "2016-09-24T17:34:46.031Z", "user": 1, "content_type": 3, "object_id": "4", "object_repr": "Easy Cash", "action_flag": 2, "change_message": "[]"}}]