[{"model": "netIITD.material", "pk": 1, "fields": {"material_name": "Wood", "base_price": 1000.0}}, {"model": "netIITD.material", "pk": 2, "fields": {"material_name": "Cotton", "base_price": 1000.0}}, {"model": "netIITD.material", "pk": 3, "fields": {"material_name": "Beer", "base_price": 1000.0}}, {"model": "netIITD.material", "pk": 4, "fields": {"material_name": "Stone", "base_price": 1000.0}}, {"model": "netIITD.material", "pk": 5, "fields": {"material_name": "Food", "base_price": 1000.0}}, {"model": "netIITD.company", "pk": 1, "fields": {"com_name": "Tornado", "com_type": 1, "com_money": 195.0, "prod_units": 9}}, {"model": "netIITD.company", "pk": 2, "fields": {"com_name": "Twisters", "com_type": 1, "com_money": 90.0, "prod_units": 20}}, {"model": "netIITD.company", "pk": 3, "fields": {"com_name": "Codeless", "com_type": 1, "com_money": 20.0, "prod_units": 200}}, {"model": "netIITD.company", "pk": 4, "fields": {"com_name": "Gameboy", "com_type": 2, "com_money": 20.0, "prod_units": 20}}, {"model": "netIITD.company", "pk": 5, "fields": {"com_name": "Foo", "com_type": 2, "com_money": 30.0, "prod_units": 10}}, {"model": "netIITD.company", "pk": 6, "fields": {"com_name": "Lazy", "com_type": 3, "com_money": 3000.0, "prod_units": 30}}, {"model": "netIITD.company", "pk": 7, "fields": {"com_name": "Kings", "com_type": 2, "com_money": 200.0, "prod_units": 34}}, {"model": "netIITD.company", "pk": 8, "fields": {"com_name": "Jokers", "com_type": 5, "com_money": 422.0, "prod_units": 40}}, {"model": "netIITD.company", "pk": 9, "fields": {"com_name": "Gorillas", "com_type": 4, "com_money": 10.0, "prod_units": 5}}, {"model": "netIITD.commat", "pk": 1, "fields": {"com": 1, "mat": 1, "amt": 100.0}}, {"model": "netIITD.commat", "pk": 2, "fields": {"com": 1, "mat": 2, "amt": 90.0}}, {"model": "netIITD.commat", "pk": 3, "fields": {"com": 1, "mat": 3, "amt": 99.0}}, {"model": "netIITD.commat", "pk": 4, "fields": {"com": 1, "mat": 4, "amt": 99.0}}, {"model": "netIITD.commat", "pk": 5, "fields": {"com": 1, "mat": 5, "amt": 99.0}}, {"model": "netIITD.commat", "pk": 6, "fields": {"com": 2, "mat": 1, "amt": 101.0}}, {"model": "netIITD.commat", "pk": 7, "fields": {"com": 2, "mat": 2, "amt": 110.0}}, {"model": "netIITD.commat", "pk": 8, "fields": {"com": 2, "mat": 3, "amt": 100.0}}, {"model": "netIITD.commat", "pk": 9, "fields": {"com": 2, "mat": 4, "amt": 100.0}}, {"model": "netIITD.commat", "pk": 10, "fields": {"com": 2, "mat": 5, "amt": 100.0}}, {"model": "netIITD.commat", "pk": 11, "fields": {"com": 3, "mat": 1, "amt": 100.0}}, {"model": "netIITD.commat", "pk": 12, "fields": {"com": 3, "mat": 2, "amt": 100.0}}, {"model": "netIITD.commat", "pk": 13, "fields": {"com": 3, "mat": 3, "amt": 100.0}}, {"model": "netIITD.commat", "pk": 14, "fields": {"com": 3, "mat": 4, "amt": 100.0}}, {"model": "netIITD.commat", "pk": 15, "fields": {"com": 3, "mat": 5, "amt": 100.0}}, {"model": "netIITD.commat", "pk": 16, "fields": {"com": 4, "mat": 1, "amt": 100.0}}, {"model": "netIITD.commat", "pk": 17, "fields": {"com": 4, "mat": 2, "amt": 100.0}}, {"model": "netIITD.commat", "pk": 18, "fields": {"com": 4, "mat": 3, "amt": 100.0}}, {"model": "netIITD.commat", "pk": 19, "fields": {"com": 4, "mat": 4, "amt": 100.0}}, {"model": "netIITD.commat", "pk": 20, "fields": {"com": 4, "mat": 5, "amt": 100.0}}, {"model": "netIITD.commat", "pk": 21, "fields": {"com": 5, "mat": 1, "amt": 100.0}}, {"model": "netIITD.commat", "pk": 22, "fields": {"com": 5, "mat": 2, "amt": 100.0}}, {"model": "netIITD.commat", "pk": 23, "fields": {"com": 5, "mat": 3, "amt": 100.0}}, {"model": "netIITD.commat", "pk": 24, "fields": {"com": 5, "mat": 4, "amt": 100.0}}, {"model": "netIITD.commat", "pk": 25, "fields": {"com": 5, "mat": 5, "amt": 100.0}}, {"model": "netIITD.commat", "pk": 26, "fields": {"com": 6, "mat": 1, "amt": 100.0}}, {"model": "netIITD.commat", "pk": 27, "fields": {"com": 6, "mat": 2, "amt": 100.0}}, {"model": "netIITD.commat", "pk": 28, "fields": {"com": 6, "mat": 3, "amt": 100.0}}, {"model": "netIITD.commat", "pk": 29, "fields": {"com": 6, "mat": 4, "amt": 100.0}}, {"model": "netIITD.commat", "pk": 30, "fields": {"com": 6, "mat": 5, "amt": 100.0}}, {"model": "netIITD.commat", "pk": 31, "fields": {"com": 7, "mat": 1, "amt": 100.0}}, {"model": "netIITD.commat", "pk": 32, "fields": {"com": 7, "mat": 2, "amt": 100.0}}, {"model": "netIITD.commat", "pk": 33, "fields": {"com": 7, "mat": 3, "amt": 100.0}}, {"model": "netIITD.commat", "pk": 34, "fields": {"com": 7, "mat": 4, "amt": 100.0}}, {"model": "netIITD.commat", "pk": 35, "fields": {"com": 7, "mat": 5, "amt": 100.0}}, {"model": "netIITD.commat", "pk": 36, "fields": {"com": 8, "mat": 1, "amt": 100.0}}, {"model": "netIITD.commat", "pk": 37, "fields": {"com": 8, "mat": 2, "amt": 100.0}}, {"model": "netIITD.commat", "pk": 38, "fields": {"com": 8, "mat": 3, "amt": 100.0}}, {"model": "netIITD.commat", "pk": 39, "fields": {"com": 8, "mat": 4, "amt": 100.0}}, {"model": "netIITD.commat", "pk": 40, "fields": {"com": 8, "mat": 5, "amt": 99.0}}, {"model": "netIITD.commat", "pk": 41, "fields": {"com": 9, "mat": 1, "amt": 100.0}}, {"model": "netIITD.commat", "pk": 42, "fields": {"com": 9, "mat": 2, "amt": 100.0}}, {"model": "netIITD.commat", "pk": 43, "fields": {"com": 9, "mat": 3, "amt": 100.0}}, {"model": "netIITD.commat", "pk": 44, "fields": {"com": 9, "mat": 4, "amt": 100.0}}, {"model": "netIITD.commat", "pk": 45, "fields": {"com": 9, "mat": 5, "amt": 100.0}}, {"model": "netIITD.nation", "pk": 1, "fields": {"nation_name": "France", "nation_money": 1020.0, "prod_units": 1}}, {"model": "netIITD.nation", "pk": 2, "fields": {"nation_name": "Germany", "nation_money": 3000.0, "prod_units": 3}}, {"model": "netIITD.nation", "pk": 3, "fields": {"nation_name": "Japan", "nation_money": 3000.0, "prod_units": 3}}, {"model": "netIITD.nation", "pk": 4, "fields": {"nation_name": "SaudiArab", "nation_money": 100000.0, "prod_units": 3}}, {"model": "netIITD.bank", "pk": 1, "fields": {"bank_name": "SBi", "bank_money": 3005.0, "veto": 50}}, {"model": "netIITD.bank", "pk": 2, "fields": {"bank_name": "DB", "bank_money": 200.0, "veto": 100}}, {"model": "netIITD.bank", "pk": 3, "fields": {"bank_name": "HDFC", "bank_money": 20000.0, "veto": 100}}, {"model": "netIITD.bank", "pk": 4, "fields": {"bank_name": "Dena", "bank_money": 20000.0, "veto": 100}}, {"model": "netIITD.banknation", "pk": 1, "fields": {"nation": 1, "bank": 1, "veto_part": 50.0}}, {"model": "netIITD.banknation", "pk": 2, "fields": {"nation": 1, "bank": 2, "veto_part": 0.0}}, {"model": "netIITD.banknation", "pk": 3, "fields": {"nation": 1, "bank": 3, "veto_part": 0.0}}, {"model": "netIITD.banknation", "pk": 4, "fields": {"nation": 1, "bank": 4, "veto_part": 0.0}}, {"model": "netIITD.banknation", "pk": 5, "fields": {"nation": 2, "bank": 1, "veto_part": 0.0}}, {"model": "netIITD.banknation", "pk": 6, "fields": {"nation": 2, "bank": 2, "veto_part": 0.0}}, {"model": "netIITD.banknation", "pk": 7, "fields": {"nation": 2, "bank": 3, "veto_part": 0.0}}, {"model": "netIITD.banknation", "pk": 8, "fields": {"nation": 2, "bank": 4, "veto_part": 0.0}}, {"model": "netIITD.banknation", "pk": 9, "fields": {"nation": 3, "bank": 1, "veto_part": 0.0}}, {"model": "netIITD.banknation", "pk": 10, "fields": {"nation": 3, "bank": 2, "veto_part": 0.0}}, {"model": "netIITD.banknation", "pk": 11, "fields": {"nation": 3, "bank": 3, "veto_part": 0.0}}, {"model": "netIITD.banknation", "pk": 12, "fields": {"nation": 3, "bank": 4, "veto_part": 0.0}}, {"model": "netIITD.banknation", "pk": 13, "fields": {"nation": 4, "bank": 1, "veto_part": 0.0}}, {"model": "netIITD.banknation", "pk": 14, "fields": {"nation": 4, "bank": 2, "veto_part": 0.0}}, {"model": "netIITD.banknation", "pk": 15, "fields": {"nation": 4, "bank": 3, "veto_part": 0.0}}, {"model": "netIITD.banknation", "pk": 16, "fields": {"nation": 4, "bank": 4, "veto_part": 0.0}}, {"model": "netIITD.loantrans", "pk": 1, "fields": {"com": 1, "bank": 1, "ret": 105.0}}, {"model": "netIITD.prodreq", "pk": 1, "fields": {"com": 1, "out": 1, "prod_units": 1, "tim": "2016-09-21T11:31:14.062Z"}}, {"model": "netIITD.prodreq", "pk": 2, "fields": {"com": 1, "out": 1, "prod_units": 1, "tim": "2016-09-21T11:32:55.692Z"}}, {"model": "netIITD.prodtrans", "pk": 1, "fields": {"com1": 1, "com2": 2, "prod_type": 2, "price_per_unit": 10.0, "prod_units": 10}}, {"model": "netIITD.prodtrans", "pk": 2, "fields": {"com1": 1, "com2": 2, "prod_type": 1, "price_per_unit": 10.0, "prod_units": 1}}, {"model": "netIITD.prodtrans", "pk": 3, "fields": {"com1": 8, "com2": 1, "prod_type": 5, "price_per_unit": 10.0, "prod_units": 1}}, {"model": "contenttypes.contenttype", "pk": 1, "fields": {"app_label": "netIITD", "model": "material"}}, {"model": "contenttypes.contenttype", "pk": 2, "fields": {"app_label": "netIITD", "model": "company"}}, {"model": "contenttypes.contenttype", "pk": 3, "fields": {"app_label": "netIITD", "model": "bank"}}, {"model": "contenttypes.contenttype", "pk": 4, "fields": {"app_label": "netIITD", "model": "nation"}}, {"model": "contenttypes.contenttype", "pk": 5, "fields": {"app_label": "netIITD", "model": "prodtrans"}}, {"model": "contenttypes.contenttype", "pk": 6, "fields": {"app_label": "netIITD", "model": "prodreq"}}, {"model": "contenttypes.contenttype", "pk": 7, "fields": {"app_label": "netIITD", "model": "combank"}}, {"model": "contenttypes.contenttype", "pk": 8, "fields": {"app_label": "netIITD", "model": "commat"}}, {"model": "contenttypes.contenttype", "pk": 9, "fields": {"app_label": "netIITD", "model": "loantrans"}}, {"model": "contenttypes.contenttype", "pk": 10, "fields": {"app_label": "netIITD", "model": "comrelation"}}, {"model": "contenttypes.contenttype", "pk": 11, "fields": {"app_label": "netIITD", "model": "banknation"}}, {"model": "contenttypes.contenttype", "pk": 12, "fields": {"app_label": "netIITD", "model": "transfers"}}, {"model": "contenttypes.contenttype", "pk": 13, "fields": {"app_label": "djcelery", "model": "taskstate"}}, {"model": "contenttypes.contenttype", "pk": 14, "fields": {"app_label": "djcelery", "model": "workerstate"}}, {"model": "contenttypes.contenttype", "pk": 15, "fields": {"app_label": "djcelery", "model": "intervalschedule"}}, {"model": "contenttypes.contenttype", "pk": 16, "fields": {"app_label": "djcelery", "model": "tasksetmeta"}}, {"model": "contenttypes.contenttype", "pk": 17, "fields": {"app_label": "djcelery", "model": "periodictask"}}, {"model": "contenttypes.contenttype", "pk": 18, "fields": {"app_label": "djcelery", "model": "periodictasks"}}, {"model": "contenttypes.contenttype", "pk": 19, "fields": {"app_label": "djcelery", "model": "crontabschedule"}}, {"model": "contenttypes.contenttype", "pk": 20, "fields": {"app_label": "djcelery", "model": "taskmeta"}}, {"model": "contenttypes.contenttype", "pk": 21, "fields": {"app_label": "kombu_transport_django", "model": "message"}}, {"model": "contenttypes.contenttype", "pk": 22, "fields": {"app_label": "kombu_transport_django", "model": "queue"}}, {"model": "contenttypes.contenttype", "pk": 23, "fields": {"app_label": "admin", "model": "logentry"}}, {"model": "contenttypes.contenttype", "pk": 24, "fields": {"app_label": "auth", "model": "permission"}}, {"model": "contenttypes.contenttype", "pk": 25, "fields": {"app_label": "auth", "model": "user"}}, {"model": "contenttypes.contenttype", "pk": 26, "fields": {"app_label": "auth", "model": "group"}}, {"model": "contenttypes.contenttype", "pk": 27, "fields": {"app_label": "contenttypes", "model": "contenttype"}}, {"model": "contenttypes.contenttype", "pk": 28, "fields": {"app_label": "sessions", "model": "session"}}, {"model": "sessions.session", "pk": "ephw9vft55l808eehsntkqexfonuf9er", "fields": {"session_data": "OWM1M2E5ZjgyNzM0NDNmNTYxMmJkY2FhMzIxZDI2NDIxMWNkYjlhNjp7Il9hdXRoX3VzZXJfaGFzaCI6ImYyNWZkNWY0Yzk1MzAxNjliYjQ3MWEzYjhiYThkZDdiYjdkMDllNWUiLCJfYXV0aF91c2VyX2JhY2tlbmQiOiJkamFuZ28uY29udHJpYi5hdXRoLmJhY2tlbmRzLk1vZGVsQmFja2VuZCIsIl9hdXRoX3VzZXJfaWQiOiIxIn0=", "expire_date": "2016-10-05T11:11:56.821Z"}}, {"model": "auth.permission", "pk": 1, "fields": {"name": "Can add prod trans", "content_type": 5, "codename": "add_prodtrans"}}, {"model": "auth.permission", "pk": 2, "fields": {"name": "Can change prod trans", "content_type": 5, "codename": "change_prodtrans"}}, {"model": "auth.permission", "pk": 3, "fields": {"name": "Can delete prod trans", "content_type": 5, "codename": "delete_prodtrans"}}, {"model": "auth.permission", "pk": 4, "fields": {"name": "Can add prod req", "content_type": 6, "codename": "add_prodreq"}}, {"model": "auth.permission", "pk": 5, "fields": {"name": "Can change prod req", "content_type": 6, "codename": "change_prodreq"}}, {"model": "auth.permission", "pk": 6, "fields": {"name": "Can delete prod req", "content_type": 6, "codename": "delete_prodreq"}}, {"model": "auth.permission", "pk": 7, "fields": {"name": "Can add company", "content_type": 2, "codename": "add_company"}}, {"model": "auth.permission", "pk": 8, "fields": {"name": "Can change company", "content_type": 2, "codename": "change_company"}}, {"model": "auth.permission", "pk": 9, "fields": {"name": "Can delete company", "content_type": 2, "codename": "delete_company"}}, {"model": "auth.permission", "pk": 10, "fields": {"name": "Can add com bank", "content_type": 7, "codename": "add_combank"}}, {"model": "auth.permission", "pk": 11, "fields": {"name": "Can change com bank", "content_type": 7, "codename": "change_combank"}}, {"model": "auth.permission", "pk": 12, "fields": {"name": "Can delete com bank", "content_type": 7, "codename": "delete_combank"}}, {"model": "auth.permission", "pk": 13, "fields": {"name": "Can add com mat", "content_type": 8, "codename": "add_commat"}}, {"model": "auth.permission", "pk": 14, "fields": {"name": "Can change com mat", "content_type": 8, "codename": "change_commat"}}, {"model": "auth.permission", "pk": 15, "fields": {"name": "Can delete com mat", "content_type": 8, "codename": "delete_commat"}}, {"model": "auth.permission", "pk": 16, "fields": {"name": "Can add material", "content_type": 1, "codename": "add_material"}}, {"model": "auth.permission", "pk": 17, "fields": {"name": "Can change material", "content_type": 1, "codename": "change_material"}}, {"model": "auth.permission", "pk": 18, "fields": {"name": "Can delete material", "content_type": 1, "codename": "delete_material"}}, {"model": "auth.permission", "pk": 19, "fields": {"name": "Can add loan trans", "content_type": 9, "codename": "add_loantrans"}}, {"model": "auth.permission", "pk": 20, "fields": {"name": "Can change loan trans", "content_type": 9, "codename": "change_loantrans"}}, {"model": "auth.permission", "pk": 21, "fields": {"name": "Can delete loan trans", "content_type": 9, "codename": "delete_loantrans"}}, {"model": "auth.permission", "pk": 22, "fields": {"name": "Can add bank", "content_type": 3, "codename": "add_bank"}}, {"model": "auth.permission", "pk": 23, "fields": {"name": "Can change bank", "content_type": 3, "codename": "change_bank"}}, {"model": "auth.permission", "pk": 24, "fields": {"name": "Can delete bank", "content_type": 3, "codename": "delete_bank"}}, {"model": "auth.permission", "pk": 25, "fields": {"name": "Can add nation", "content_type": 4, "codename": "add_nation"}}, {"model": "auth.permission", "pk": 26, "fields": {"name": "Can change nation", "content_type": 4, "codename": "change_nation"}}, {"model": "auth.permission", "pk": 27, "fields": {"name": "Can delete nation", "content_type": 4, "codename": "delete_nation"}}, {"model": "auth.permission", "pk": 28, "fields": {"name": "Can add com relation", "content_type": 10, "codename": "add_comrelation"}}, {"model": "auth.permission", "pk": 29, "fields": {"name": "Can change com relation", "content_type": 10, "codename": "change_comrelation"}}, {"model": "auth.permission", "pk": 30, "fields": {"name": "Can delete com relation", "content_type": 10, "codename": "delete_comrelation"}}, {"model": "auth.permission", "pk": 31, "fields": {"name": "Can add bank nation", "content_type": 11, "codename": "add_banknation"}}, {"model": "auth.permission", "pk": 32, "fields": {"name": "Can change bank nation", "content_type": 11, "codename": "change_banknation"}}, {"model": "auth.permission", "pk": 33, "fields": {"name": "Can delete bank nation", "content_type": 11, "codename": "delete_banknation"}}, {"model": "auth.permission", "pk": 34, "fields": {"name": "Can add transfers", "content_type": 12, "codename": "add_transfers"}}, {"model": "auth.permission", "pk": 35, "fields": {"name": "Can change transfers", "content_type": 12, "codename": "change_transfers"}}, {"model": "auth.permission", "pk": 36, "fields": {"name": "Can delete transfers", "content_type": 12, "codename": "delete_transfers"}}, {"model": "auth.permission", "pk": 37, "fields": {"name": "Can add task", "content_type": 13, "codename": "add_taskstate"}}, {"model": "auth.permission", "pk": 38, "fields": {"name": "Can change task", "content_type": 13, "codename": "change_taskstate"}}, {"model": "auth.permission", "pk": 39, "fields": {"name": "Can delete task", "content_type": 13, "codename": "delete_taskstate"}}, {"model": "auth.permission", "pk": 40, "fields": {"name": "Can add worker", "content_type": 14, "codename": "add_workerstate"}}, {"model": "auth.permission", "pk": 41, "fields": {"name": "Can change worker", "content_type": 14, "codename": "change_workerstate"}}, {"model": "auth.permission", "pk": 42, "fields": {"name": "Can delete worker", "content_type": 14, "codename": "delete_workerstate"}}, {"model": "auth.permission", "pk": 43, "fields": {"name": "Can add interval", "content_type": 15, "codename": "add_intervalschedule"}}, {"model": "auth.permission", "pk": 44, "fields": {"name": "Can change interval", "content_type": 15, "codename": "change_intervalschedule"}}, {"model": "auth.permission", "pk": 45, "fields": {"name": "Can delete interval", "content_type": 15, "codename": "delete_intervalschedule"}}, {"model": "auth.permission", "pk": 46, "fields": {"name": "Can add saved group result", "content_type": 16, "codename": "add_tasksetmeta"}}, {"model": "auth.permission", "pk": 47, "fields": {"name": "Can change saved group result", "content_type": 16, "codename": "change_tasksetmeta"}}, {"model": "auth.permission", "pk": 48, "fields": {"name": "Can delete saved group result", "content_type": 16, "codename": "delete_tasksetmeta"}}, {"model": "auth.permission", "pk": 49, "fields": {"name": "Can add periodic task", "content_type": 17, "codename": "add_periodictask"}}, {"model": "auth.permission", "pk": 50, "fields": {"name": "Can change periodic task", "content_type": 17, "codename": "change_periodictask"}}, {"model": "auth.permission", "pk": 51, "fields": {"name": "Can delete periodic task", "content_type": 17, "codename": "delete_periodictask"}}, {"model": "auth.permission", "pk": 52, "fields": {"name": "Can add periodic tasks", "content_type": 18, "codename": "add_periodictasks"}}, {"model": "auth.permission", "pk": 53, "fields": {"name": "Can change periodic tasks", "content_type": 18, "codename": "change_periodictasks"}}, {"model": "auth.permission", "pk": 54, "fields": {"name": "Can delete periodic tasks", "content_type": 18, "codename": "delete_periodictasks"}}, {"model": "auth.permission", "pk": 55, "fields": {"name": "Can add crontab", "content_type": 19, "codename": "add_crontabschedule"}}, {"model": "auth.permission", "pk": 56, "fields": {"name": "Can change crontab", "content_type": 19, "codename": "change_crontabschedule"}}, {"model": "auth.permission", "pk": 57, "fields": {"name": "Can delete crontab", "content_type": 19, "codename": "delete_crontabschedule"}}, {"model": "auth.permission", "pk": 58, "fields": {"name": "Can add task state", "content_type": 20, "codename": "add_taskmeta"}}, {"model": "auth.permission", "pk": 59, "fields": {"name": "Can change task state", "content_type": 20, "codename": "change_taskmeta"}}, {"model": "auth.permission", "pk": 60, "fields": {"name": "Can delete task state", "content_type": 20, "codename": "delete_taskmeta"}}, {"model": "auth.permission", "pk": 61, "fields": {"name": "Can add message", "content_type": 21, "codename": "add_message"}}, {"model": "auth.permission", "pk": 62, "fields": {"name": "Can change message", "content_type": 21, "codename": "change_message"}}, {"model": "auth.permission", "pk": 63, "fields": {"name": "Can delete message", "content_type": 21, "codename": "delete_message"}}, {"model": "auth.permission", "pk": 64, "fields": {"name": "Can add queue", "content_type": 22, "codename": "add_queue"}}, {"model": "auth.permission", "pk": 65, "fields": {"name": "Can change queue", "content_type": 22, "codename": "change_queue"}}, {"model": "auth.permission", "pk": 66, "fields": {"name": "Can delete queue", "content_type": 22, "codename": "delete_queue"}}, {"model": "auth.permission", "pk": 67, "fields": {"name": "Can add log entry", "content_type": 23, "codename": "add_logentry"}}, {"model": "auth.permission", "pk": 68, "fields": {"name": "Can change log entry", "content_type": 23, "codename": "change_logentry"}}, {"model": "auth.permission", "pk": 69, "fields": {"name": "Can delete log entry", "content_type": 23, "codename": "delete_logentry"}}, {"model": "auth.permission", "pk": 70, "fields": {"name": "Can add permission", "content_type": 24, "codename": "add_permission"}}, {"model": "auth.permission", "pk": 71, "fields": {"name": "Can change permission", "content_type": 24, "codename": "change_permission"}}, {"model": "auth.permission", "pk": 72, "fields": {"name": "Can delete permission", "content_type": 24, "codename": "delete_permission"}}, {"model": "auth.permission", "pk": 73, "fields": {"name": "Can add user", "content_type": 25, "codename": "add_user"}}, {"model": "auth.permission", "pk": 74, "fields": {"name": "Can change user", "content_type": 25, "codename": "change_user"}}, {"model": "auth.permission", "pk": 75, "fields": {"name": "Can delete user", "content_type": 25, "codename": "delete_user"}}, {"model": "auth.permission", "pk": 76, "fields": {"name": "Can add group", "content_type": 26, "codename": "add_group"}}, {"model": "auth.permission", "pk": 77, "fields": {"name": "Can change group", "content_type": 26, "codename": "change_group"}}, {"model": "auth.permission", "pk": 78, "fields": {"name": "Can delete group", "content_type": 26, "codename": "delete_group"}}, {"model": "auth.permission", "pk": 79, "fields": {"name": "Can add content type", "content_type": 27, "codename": "add_contenttype"}}, {"model": "auth.permission", "pk": 80, "fields": {"name": "Can change content type", "content_type": 27, "codename": "change_contenttype"}}, {"model": "auth.permission", "pk": 81, "fields": {"name": "Can delete content type", "content_type": 27, "codename": "delete_contenttype"}}, {"model": "auth.permission", "pk": 82, "fields": {"name": "Can add session", "content_type": 28, "codename": "add_session"}}, {"model": "auth.permission", "pk": 83, "fields": {"name": "Can change session", "content_type": 28, "codename": "change_session"}}, {"model": "auth.permission", "pk": 84, "fields": {"name": "Can delete session", "content_type": 28, "codename": "delete_session"}}, {"model": "auth.user", "pk": 1, "fields": {"password": "pbkdf2_sha256$30000$cpjm9n0wgIiH$SILsvRqYKyN+w+IGr8XDecH3w4CzIMftTRPrprMPcDQ=", "last_login": "2016-09-21T11:11:56.815Z", "is_superuser": true, "username": "prakhar0409", "first_name": "", "last_name": "", "email": "prakhar0409@gmail.com", "is_staff": true, "is_active": true, "date_joined": "2016-09-21T11:11:25.453Z", "groups": [], "user_permissions": []}}, {"model": "admin.logentry", "pk": 1, "fields": {"action_time": "2016-09-21T11:12:46.818Z", "user": 1, "content_type": 1, "object_id": "1", "object_repr": "Wood", "action_flag": 1, "change_message": "[{\"added\": {}}]"}}, {"model": "admin.logentry", "pk": 2, "fields": {"action_time": "2016-09-21T11:12:53.121Z", "user": 1, "content_type": 1, "object_id": "2", "object_repr": "Cotton", "action_flag": 1, "change_message": "[{\"added\": {}}]"}}, {"model": "admin.logentry", "pk": 3, "fields": {"action_time": "2016-09-21T11:13:02.100Z", "user": 1, "content_type": 1, "object_id": "3", "object_repr": "Beer", "action_flag": 1, "change_message": "[{\"added\": {}}]"}}, {"model": "admin.logentry", "pk": 4, "fields": {"action_time": "2016-09-21T11:13:12.020Z", "user": 1, "content_type": 1, "object_id": "4", "object_repr": "Stone", "action_flag": 1, "change_message": "[{\"added\": {}}]"}}, {"model": "admin.logentry", "pk": 5, "fields": {"action_time": "2016-09-21T11:13:17.371Z", "user": 1, "content_type": 1, "object_id": "5", "object_repr": "Food", "action_flag": 1, "change_message": "[{\"added\": {}}]"}}, {"model": "admin.logentry", "pk": 6, "fields": {"action_time": "2016-09-21T11:14:11.586Z", "user": 1, "content_type": 2, "object_id": "1", "object_repr": "Tornado", "action_flag": 1, "change_message": "[{\"added\": {}}]"}}, {"model": "admin.logentry", "pk": 7, "fields": {"action_time": "2016-09-21T11:14:22.214Z", "user": 1, "content_type": 2, "object_id": "2", "object_repr": "Twisters", "action_flag": 1, "change_message": "[{\"added\": {}}]"}}, {"model": "admin.logentry", "pk": 8, "fields": {"action_time": "2016-09-21T11:15:02.669Z", "user": 1, "content_type": 2, "object_id": "3", "object_repr": "Codeless", "action_flag": 1, "change_message": "[{\"added\": {}}]"}}, {"model": "admin.logentry", "pk": 9, "fields": {"action_time": "2016-09-21T11:15:16.843Z", "user": 1, "content_type": 2, "object_id": "4", "object_repr": "Gameboy", "action_flag": 1, "change_message": "[{\"added\": {}}]"}}, {"model": "admin.logentry", "pk": 10, "fields": {"action_time": "2016-09-21T11:15:27.841Z", "user": 1, "content_type": 2, "object_id": "5", "object_repr": "Foo", "action_flag": 1, "change_message": "[{\"added\": {}}]"}}, {"model": "admin.logentry", "pk": 11, "fields": {"action_time": "2016-09-21T11:15:49.855Z", "user": 1, "content_type": 2, "object_id": "6", "object_repr": "Lazy", "action_flag": 1, "change_message": "[{\"added\": {}}]"}}, {"model": "admin.logentry", "pk": 12, "fields": {"action_time": "2016-09-21T11:15:59.502Z", "user": 1, "content_type": 2, "object_id": "7", "object_repr": "Kings", "action_flag": 1, "change_message": "[{\"added\": {}}]"}}, {"model": "admin.logentry", "pk": 13, "fields": {"action_time": "2016-09-21T11:16:10.060Z", "user": 1, "content_type": 2, "object_id": "8", "object_repr": "Jokers", "action_flag": 1, "change_message": "[{\"added\": {}}]"}}, {"model": "admin.logentry", "pk": 14, "fields": {"action_time": "2016-09-21T11:16:22.713Z", "user": 1, "content_type": 2, "object_id": "9", "object_repr": "Gorillas", "action_flag": 1, "change_message": "[{\"added\": {}}]"}}, {"model": "admin.logentry", "pk": 15, "fields": {"action_time": "2016-09-21T11:16:34.685Z", "user": 1, "content_type": 3, "object_id": "1", "object_repr": "SBi", "action_flag": 1, "change_message": "[{\"added\": {}}]"}}, {"model": "admin.logentry", "pk": 16, "fields": {"action_time": "2016-09-21T11:16:40.794Z", "user": 1, "content_type": 3, "object_id": "2", "object_repr": "DB", "action_flag": 1, "change_message": "[{\"added\": {}}]"}}, {"model": "admin.logentry", "pk": 17, "fields": {"action_time": "2016-09-21T11:16:49.697Z", "user": 1, "content_type": 3, "object_id": "3", "object_repr": "HDFC", "action_flag": 1, "change_message": "[{\"added\": {}}]"}}, {"model": "admin.logentry", "pk": 18, "fields": {"action_time": "2016-09-21T11:17:02.516Z", "user": 1, "content_type": 3, "object_id": "4", "object_repr": "Dena", "action_flag": 1, "change_message": "[{\"added\": {}}]"}}, {"model": "admin.logentry", "pk": 19, "fields": {"action_time": "2016-09-21T11:17:16.932Z", "user": 1, "content_type": 4, "object_id": "1", "object_repr": "France", "action_flag": 1, "change_message": "[{\"added\": {}}]"}}, {"model": "admin.logentry", "pk": 20, "fields": {"action_time": "2016-09-21T11:17:22.215Z", "user": 1, "content_type": 4, "object_id": "2", "object_repr": "Germany", "action_flag": 1, "change_message": "[{\"added\": {}}]"}}, {"model": "admin.logentry", "pk": 21, "fields": {"action_time": "2016-09-21T11:17:34.888Z", "user": 1, "content_type": 4, "object_id": "3", "object_repr": "Japan", "action_flag": 1, "change_message": "[{\"added\": {}}]"}}, {"model": "admin.logentry", "pk": 22, "fields": {"action_time": "2016-09-21T11:17:43.674Z", "user": 1, "content_type": 4, "object_id": "4", "object_repr": "SaudiArab", "action_flag": 1, "change_message": "[{\"added\": {}}]"}}]