[{"model": "netIITD.material", "pk": 1, "fields": {"material_name": "Wood", "base_price": 1000}}, {"model": "netIITD.material", "pk": 2, "fields": {"material_name": "Cotton", "base_price": 1000}}, {"model": "netIITD.material", "pk": 3, "fields": {"material_name": "Beer", "base_price": 1000}}, {"model": "netIITD.material", "pk": 4, "fields": {"material_name": "Stone", "base_price": 1000}}, {"model": "netIITD.material", "pk": 5, "fields": {"material_name": "Food", "base_price": 1000}}, {"model": "netIITD.company", "pk": 1, "fields": {"com_name": "Tornado", "com_type": 1, "com_money": 195, "prod_units": 9}}, {"model": "netIITD.company", "pk": 2, "fields": {"com_name": "Twisters", "com_type": 1, "com_money": 90, "prod_units": 20}}, {"model": "netIITD.company", "pk": 3, "fields": {"com_name": "Codeless", "com_type": 1, "com_money": 20, "prod_units": 200}}, {"model": "netIITD.company", "pk": 4, "fields": {"com_name": "Gameboy", "com_type": 2, "com_money": 20, "prod_units": 20}}, {"model": "netIITD.company", "pk": 5, "fields": {"com_name": "Foo", "com_type": 2, "com_money": 30, "prod_units": 10}}, {"model": "netIITD.company", "pk": 6, "fields": {"com_name": "Lazy", "com_type": 3, "com_money": 3000, "prod_units": 30}}, {"model": "netIITD.company", "pk": 7, "fields": {"com_name": "Kings", "com_type": 2, "com_money": 200, "prod_units": 34}}, {"model": "netIITD.company", "pk": 8, "fields": {"com_name": "Jokers", "com_type": 5, "com_money": 422, "prod_units": 40}}, {"model": "netIITD.company", "pk": 9, "fields": {"com_name": "Gorillas", "com_type": 4, "com_money": 10, "prod_units": 5}}, {"model": "netIITD.commat", "pk": 1, "fields": {"com": 1, "mat": 1, "amt": 100}}, {"model": "netIITD.commat", "pk": 2, "fields": {"com": 1, "mat": 2, "amt": 90}}, {"model": "netIITD.commat", "pk": 3, "fields": {"com": 1, "mat": 3, "amt": 99}}, {"model": "netIITD.commat", "pk": 4, "fields": {"com": 1, "mat": 4, "amt": 99}}, {"model": "netIITD.commat", "pk": 5, "fields": {"com": 1, "mat": 5, "amt": 99}}, {"model": "netIITD.commat", "pk": 6, "fields": {"com": 2, "mat": 1, "amt": 101}}, {"model": "netIITD.commat", "pk": 7, "fields": {"com": 2, "mat": 2, "amt": 110}}, {"model": "netIITD.commat", "pk": 8, "fields": {"com": 2, "mat": 3, "amt": 100}}, {"model": "netIITD.commat", "pk": 9, "fields": {"com": 2, "mat": 4, "amt": 100}}, {"model": "netIITD.commat", "pk": 10, "fields": {"com": 2, "mat": 5, "amt": 100}}, {"model": "netIITD.commat", "pk": 11, "fields": {"com": 3, "mat": 1, "amt": 100}}, {"model": "netIITD.commat", "pk": 12, "fields": {"com": 3, "mat": 2, "amt": 100}}, {"model": "netIITD.commat", "pk": 13, "fields": {"com": 3, "mat": 3, "amt": 100}}, {"model": "netIITD.commat", "pk": 14, "fields": {"com": 3, "mat": 4, "amt": 100}}, {"model": "netIITD.commat", "pk": 15, "fields": {"com": 3, "mat": 5, "amt": 100}}, {"model": "netIITD.commat", "pk": 16, "fields": {"com": 4, "mat": 1, "amt": 100}}, {"model": "netIITD.commat", "pk": 17, "fields": {"com": 4, "mat": 2, "amt": 100}}, {"model": "netIITD.commat", "pk": 18, "fields": {"com": 4, "mat": 3, "amt": 100}}, {"model": "netIITD.commat", "pk": 19, "fields": {"com": 4, "mat": 4, "amt": 100}}, {"model": "netIITD.commat", "pk": 20, "fields": {"com": 4, "mat": 5, "amt": 100}}, {"model": "netIITD.commat", "pk": 21, "fields": {"com": 5, "mat": 1, "amt": 100}}, {"model": "netIITD.commat", "pk": 22, "fields": {"com": 5, "mat": 2, "amt": 100}}, {"model": "netIITD.commat", "pk": 23, "fields": {"com": 5, "mat": 3, "amt": 100}}, {"model": "netIITD.commat", "pk": 24, "fields": {"com": 5, "mat": 4, "amt": 100}}, {"model": "netIITD.commat", "pk": 25, "fields": {"com": 5, "mat": 5, "amt": 100}}, {"model": "netIITD.commat", "pk": 26, "fields": {"com": 6, "mat": 1, "amt": 100}}, {"model": "netIITD.commat", "pk": 27, "fields": {"com": 6, "mat": 2, "amt": 100}}, {"model": "netIITD.commat", "pk": 28, "fields": {"com": 6, "mat": 3, "amt": 100}}, {"model": "netIITD.commat", "pk": 29, "fields": {"com": 6, "mat": 4, "amt": 100}}, {"model": "netIITD.commat", "pk": 30, "fields": {"com": 6, "mat": 5, "amt": 100}}, {"model": "netIITD.commat", "pk": 31, "fields": {"com": 7, "mat": 1, "amt": 100}}, {"model": "netIITD.commat", "pk": 32, "fields": {"com": 7, "mat": 2, "amt": 100}}, {"model": "netIITD.commat", "pk": 33, "fields": {"com": 7, "mat": 3, "amt": 100}}, {"model": "netIITD.commat", "pk": 34, "fields": {"com": 7, "mat": 4, "amt": 100}}, {"model": "netIITD.commat", "pk": 35, "fields": {"com": 7, "mat": 5, "amt": 100}}, {"model": "netIITD.commat", "pk": 36, "fields": {"com": 8, "mat": 1, "amt": 100}}, {"model": "netIITD.commat", "pk": 37, "fields": {"com": 8, "mat": 2, "amt": 100}}, {"model": "netIITD.commat", "pk": 38, "fields": {"com": 8, "mat": 3, "amt": 100}}, {"model": "netIITD.commat", "pk": 39, "fields": {"com": 8, "mat": 4, "amt": 100}}, {"model": "netIITD.commat", "pk": 40, "fields": {"com": 8, "mat": 5, "amt": 99}}, {"model": "netIITD.commat", "pk": 41, "fields": {"com": 9, "mat": 1, "amt": 100}}, {"model": "netIITD.commat", "pk": 42, "fields": {"com": 9, "mat": 2, "amt": 100}}, {"model": "netIITD.commat", "pk": 43, "fields": {"com": 9, "mat": 3, "amt": 100}}, {"model": "netIITD.commat", "pk": 44, "fields": {"com": 9, "mat": 4, "amt": 100}}, {"model": "netIITD.commat", "pk": 45, "fields": {"com": 9, "mat": 5, "amt": 100}}, {"model": "netIITD.nation", "pk": 1, "fields": {"nation_name": "France", "nation_money": 1020, "prod_units": 1}}, {"model": "netIITD.nation", "pk": 2, "fields": {"nation_name": "Germany", "nation_money": 3000, "prod_units": 3}}, {"model": "netIITD.nation", "pk": 3, "fields": {"nation_name": "Japan", "nation_money": 3000, "prod_units": 3}}, {"model": "netIITD.nation", "pk": 4, "fields": {"nation_name": "SaudiArab", "nation_money": 100000, "prod_units": 3}}, {"model": "netIITD.bank", "pk": 1, "fields": {"bank_name": "SBi", "bank_money": 3005, "veto": 50}}, {"model": "netIITD.bank", "pk": 2, "fields": {"bank_name": "DB", "bank_money": 200, "veto": 100}}, {"model": "netIITD.bank", "pk": 3, "fields": {"bank_name": "HDFC", "bank_money": 20000, "veto": 100}}, {"model": "netIITD.bank", "pk": 4, "fields": {"bank_name": "Dena", "bank_money": 20000, "veto": 100}}, {"model": "netIITD.banknation", "pk": 1, "fields": {"nation": 1, "bank": 1, "veto_part": 50}}, {"model": "netIITD.banknation", "pk": 2, "fields": {"nation": 1, "bank": 2, "veto_part": 0}}, {"model": "netIITD.banknation", "pk": 3, "fields": {"nation": 1, "bank": 3, "veto_part": 0}}, {"model": "netIITD.banknation", "pk": 4, "fields": {"nation": 1, "bank": 4, "veto_part": 0}}, {"model": "netIITD.banknation", "pk": 5, "fields": {"nation": 2, "bank": 1, "veto_part": 0}}, {"model": "netIITD.banknation", "pk": 6, "fields": {"nation": 2, "bank": 2, "veto_part": 0}}, {"model": "netIITD.banknation", "pk": 7, "fields": {"nation": 2, "bank": 3, "veto_part": 0}}, {"model": "netIITD.banknation", "pk": 8, "fields": {"nation": 2, "bank": 4, "veto_part": 0}}, {"model": "netIITD.banknation", "pk": 9, "fields": {"nation": 3, "bank": 1, "veto_part": 0}}, {"model": "netIITD.banknation", "pk": 10, "fields": {"nation": 3, "bank": 2, "veto_part": 0}}, {"model": "netIITD.banknation", "pk": 11, "fields": {"nation": 3, "bank": 3, "veto_part": 0}}, {"model": "netIITD.banknation", "pk": 12, "fields": {"nation": 3, "bank": 4, "veto_part": 0}}, {"model": "netIITD.banknation", "pk": 13, "fields": {"nation": 4, "bank": 1, "veto_part": 0}}, {"model": "netIITD.banknation", "pk": 14, "fields": {"nation": 4, "bank": 2, "veto_part": 0}}, {"model": "netIITD.banknation", "pk": 15, "fields": {"nation": 4, "bank": 3, "veto_part": 0}}, {"model": "netIITD.banknation", "pk": 16, "fields": {"nation": 4, "bank": 4, "veto_part": 0}}, {"model": "netIITD.loantrans", "pk": 1, "fields": {"com": 1, "bank": 1, "ret": 105.0}}, {"model": "netIITD.prodreq", "pk": 1, "fields": {"com": 1, "out": 1, "prod_units": 1, "tim": "2016-09-21T11:31:14.062Z"}}, {"model": "netIITD.prodreq", "pk": 2, "fields": {"com": 1, "out": 1, "prod_units": 1, "tim": "2016-09-21T11:32:55.692Z"}}, {"model": "netIITD.prodtrans", "pk": 1, "fields": {"com1": 1, "com2": 2, "prod_type": 2, "price_per_unit": 10, "prod_units": 10}}, {"model": "netIITD.prodtrans", "pk": 2, "fields": {"com1": 1, "com2": 2, "prod_type": 1, "price_per_unit": 10, "prod_units": 1}}, {"model": "netIITD.prodtrans", "pk": 3, "fields": {"com1": 8, "com2": 1, "prod_type": 5, "price_per_unit": 10, "prod_units": 1}}, {"model": "contenttypes.contenttype", "pk": 1, "fields": {"app_label": "netIITD", "model": "material"}}, {"model": "contenttypes.contenttype", "pk": 2, "fields": {"app_label": "netIITD", "model": "company"}}, {"model": "contenttypes.contenttype", "pk": 3, "fields": {"app_label": "netIITD", "model": "bank"}}, {"model": "contenttypes.contenttype", "pk": 4, "fields": {"app_label": "netIITD", "model": "nation"}}, {"model": "sessions.session", "pk": "ephw9vft55l808eehsntkqexfonuf9er", "fields": {"session_data": "OWM1M2E5ZjgyNzM0NDNmNTYxMmJkY2FhMzIxZDI2NDIxMWNkYjlhNjp7Il9hdXRoX3VzZXJfaGFzaCI6ImYyNWZkNWY0Yzk1MzAxNjliYjQ3MWEzYjhiYThkZDdiYjdkMDllNWUiLCJfYXV0aF91c2VyX2JhY2tlbmQiOiJkamFuZ28uY29udHJpYi5hdXRoLmJhY2tlbmRzLk1vZGVsQmFja2VuZCIsIl9hdXRoX3VzZXJfaWQiOiIxIn0=", "expire_date": "2016-10-05T11:11:56.821Z"}}, {"model": "auth.user", "pk": 1, "fields": {"password": "pbkdf2_sha256$30000$cpjm9n0wgIiH$SILsvRqYKyN+w+IGr8XDecH3w4CzIMftTRPrprMPcDQ=", "last_login": "2016-09-21T11:11:56.815Z", "is_superuser": true, "username": "prakhar0409", "first_name": "", "last_name": "", "email": "prakhar0409@gmail.com", "is_staff": true, "is_active": true, "date_joined": "2016-09-21T11:11:25.453Z", "groups": [], "user_permissions": []}}, {"model": "admin.logentry", "pk": 1, "fields": {"action_time": "2016-09-21T11:12:46.818Z", "user": 1, "content_type": 1, "object_id": "1", "object_repr": "Wood", "action_flag": 1, "change_message": "[{\"added\": {}}]"}}, {"model": "admin.logentry", "pk": 2, "fields": {"action_time": "2016-09-21T11:12:53.121Z", "user": 1, "content_type": 1, "object_id": "2", "object_repr": "Cotton", "action_flag": 1, "change_message": "[{\"added\": {}}]"}}, {"model": "admin.logentry", "pk": 3, "fields": {"action_time": "2016-09-21T11:13:02.100Z", "user": 1, "content_type": 1, "object_id": "3", "object_repr": "Beer", "action_flag": 1, "change_message": "[{\"added\": {}}]"}}, {"model": "admin.logentry", "pk": 4, "fields": {"action_time": "2016-09-21T11:13:12.020Z", "user": 1, "content_type": 1, "object_id": "4", "object_repr": "Stone", "action_flag": 1, "change_message": "[{\"added\": {}}]"}}, {"model": "admin.logentry", "pk": 5, "fields": {"action_time": "2016-09-21T11:13:17.371Z", "user": 1, "content_type": 1, "object_id": "5", "object_repr": "Food", "action_flag": 1, "change_message": "[{\"added\": {}}]"}}, {"model": "admin.logentry", "pk": 6, "fields": {"action_time": "2016-09-21T11:14:11.586Z", "user": 1, "content_type": 2, "object_id": "1", "object_repr": "Tornado", "action_flag": 1, "change_message": "[{\"added\": {}}]"}}, {"model": "admin.logentry", "pk": 7, "fields": {"action_time": "2016-09-21T11:14:22.214Z", "user": 1, "content_type": 2, "object_id": "2", "object_repr": "Twisters", "action_flag": 1, "change_message": "[{\"added\": {}}]"}}, {"model": "admin.logentry", "pk": 8, "fields": {"action_time": "2016-09-21T11:15:02.669Z", "user": 1, "content_type": 2, "object_id": "3", "object_repr": "Codeless", "action_flag": 1, "change_message": "[{\"added\": {}}]"}}, {"model": "admin.logentry", "pk": 9, "fields": {"action_time": "2016-09-21T11:15:16.843Z", "user": 1, "content_type": 2, "object_id": "4", "object_repr": "Gameboy", "action_flag": 1, "change_message": "[{\"added\": {}}]"}}, {"model": "admin.logentry", "pk": 10, "fields": {"action_time": "2016-09-21T11:15:27.841Z", "user": 1, "content_type": 2, "object_id": "5", "object_repr": "Foo", "action_flag": 1, "change_message": "[{\"added\": {}}]"}}, {"model": "admin.logentry", "pk": 11, "fields": {"action_time": "2016-09-21T11:15:49.855Z", "user": 1, "content_type": 2, "object_id": "6", "object_repr": "Lazy", "action_flag": 1, "change_message": "[{\"added\": {}}]"}}, {"model": "admin.logentry", "pk": 12, "fields": {"action_time": "2016-09-21T11:15:59.502Z", "user": 1, "content_type": 2, "object_id": "7", "object_repr": "Kings", "action_flag": 1, "change_message": "[{\"added\": {}}]"}}, {"model": "admin.logentry", "pk": 13, "fields": {"action_time": "2016-09-21T11:16:10.060Z", "user": 1, "content_type": 2, "object_id": "8", "object_repr": "Jokers", "action_flag": 1, "change_message": "[{\"added\": {}}]"}}, {"model": "admin.logentry", "pk": 14, "fields": {"action_time": "2016-09-21T11:16:22.713Z", "user": 1, "content_type": 2, "object_id": "9", "object_repr": "Gorillas", "action_flag": 1, "change_message": "[{\"added\": {}}]"}}, {"model": "admin.logentry", "pk": 15, "fields": {"action_time": "2016-09-21T11:16:34.685Z", "user": 1, "content_type": 3, "object_id": "1", "object_repr": "SBi", "action_flag": 1, "change_message": "[{\"added\": {}}]"}}, {"model": "admin.logentry", "pk": 16, "fields": {"action_time": "2016-09-21T11:16:40.794Z", "user": 1, "content_type": 3, "object_id": "2", "object_repr": "DB", "action_flag": 1, "change_message": "[{\"added\": {}}]"}}, {"model": "admin.logentry", "pk": 17, "fields": {"action_time": "2016-09-21T11:16:49.697Z", "user": 1, "content_type": 3, "object_id": "3", "object_repr": "HDFC", "action_flag": 1, "change_message": "[{\"added\": {}}]"}}, {"model": "admin.logentry", "pk": 18, "fields": {"action_time": "2016-09-21T11:17:02.516Z", "user": 1, "content_type": 3, "object_id": "4", "object_repr": "Dena", "action_flag": 1, "change_message": "[{\"added\": {}}]"}}, {"model": "admin.logentry", "pk": 19, "fields": {"action_time": "2016-09-21T11:17:16.932Z", "user": 1, "content_type": 4, "object_id": "1", "object_repr": "France", "action_flag": 1, "change_message": "[{\"added\": {}}]"}}, {"model": "admin.logentry", "pk": 20, "fields": {"action_time": "2016-09-21T11:17:22.215Z", "user": 1, "content_type": 4, "object_id": "2", "object_repr": "Germany", "action_flag": 1, "change_message": "[{\"added\": {}}]"}}, {"model": "admin.logentry", "pk": 21, "fields": {"action_time": "2016-09-21T11:17:34.888Z", "user": 1, "content_type": 4, "object_id": "3", "object_repr": "Japan", "action_flag": 1, "change_message": "[{\"added\": {}}]"}}, {"model": "admin.logentry", "pk": 22, "fields": {"action_time": "2016-09-21T11:17:43.674Z", "user": 1, "content_type": 4, "object_id": "4", "object_repr": "SaudiArab", "action_flag": 1, "change_message": "[{\"added\": {}}]"}}]