[{"model": "netIITD.material", "pk": 1, "fields": {"material_name": "Agriculture", "base_price": 1000.0}}, {"model": "netIITD.material", "pk": 2, "fields": {"material_name": "Electronics", "base_price": 1000.0}}, {"model": "netIITD.material", "pk": 3, "fields": {"material_name": "Machinery", "base_price": 1000.0}}, {"model": "netIITD.material", "pk": 4, "fields": {"material_name": "Oil", "base_price": 1000.0}}, {"model": "netIITD.material", "pk": 5, "fields": {"material_name": "Pharma", "base_price": 1000.0}}, {"model": "netIITD.material", "pk": 6, "fields": {"material_name": "Steel", "base_price": 1000.0}}, {"model": "netIITD.material", "pk": 7, "fields": {"material_name": "Textile", "base_price": 1000.0}}, {"model": "netIITD.company", "pk": 11, "fields": {"com_name": "i", "com_type": 1, "com_money": 20000.0, "prod_units": 0}}, {"model": "netIITD.company", "pk": 12, "fields": {"com_name": "jokers", "com_type": 2, "com_money": 20000.0, "prod_units": 0}}, {"model": "netIITD.company", "pk": 13, "fields": {"com_name": "Codeless", "com_type": 7, "com_money": 20000.0, "prod_units": 0}}, {"model": "netIITD.company", "pk": 14, "fields": {"com_name": "Gameboy", "com_type": 4, "com_money": 20000.0, "prod_units": 0}}, {"model": "netIITD.company", "pk": 15, "fields": {"com_name": "Bitches", "com_type": 7, "com_money": 20000.0, "prod_units": 0}}, {"model": "netIITD.commat", "pk": 71, "fields": {"com": 11, "mat": 1, "amt": 30.0}}, {"model": "netIITD.commat", "pk": 72, "fields": {"com": 11, "mat": 2, "amt": 0.0}}, {"model": "netIITD.commat", "pk": 73, "fields": {"com": 11, "mat": 3, "amt": 0.0}}, {"model": "netIITD.commat", "pk": 74, "fields": {"com": 11, "mat": 4, "amt": 0.0}}, {"model": "netIITD.commat", "pk": 75, "fields": {"com": 11, "mat": 5, "amt": 0.0}}, {"model": "netIITD.commat", "pk": 76, "fields": {"com": 11, "mat": 6, "amt": 0.0}}, {"model": "netIITD.commat", "pk": 77, "fields": {"com": 11, "mat": 7, "amt": 0.0}}, {"model": "netIITD.commat", "pk": 78, "fields": {"com": 12, "mat": 1, "amt": 0.0}}, {"model": "netIITD.commat", "pk": 79, "fields": {"com": 12, "mat": 2, "amt": 30.0}}, {"model": "netIITD.commat", "pk": 80, "fields": {"com": 12, "mat": 3, "amt": 0.0}}, {"model": "netIITD.commat", "pk": 81, "fields": {"com": 12, "mat": 4, "amt": 0.0}}, {"model": "netIITD.commat", "pk": 82, "fields": {"com": 12, "mat": 5, "amt": 0.0}}, {"model": "netIITD.commat", "pk": 83, "fields": {"com": 12, "mat": 6, "amt": 0.0}}, {"model": "netIITD.commat", "pk": 84, "fields": {"com": 12, "mat": 7, "amt": 0.0}}, {"model": "netIITD.commat", "pk": 85, "fields": {"com": 13, "mat": 1, "amt": 0.0}}, {"model": "netIITD.commat", "pk": 86, "fields": {"com": 13, "mat": 2, "amt": 0.0}}, {"model": "netIITD.commat", "pk": 87, "fields": {"com": 13, "mat": 3, "amt": 0.0}}, {"model": "netIITD.commat", "pk": 88, "fields": {"com": 13, "mat": 4, "amt": 0.0}}, {"model": "netIITD.commat", "pk": 89, "fields": {"com": 13, "mat": 5, "amt": 0.0}}, {"model": "netIITD.commat", "pk": 90, "fields": {"com": 13, "mat": 6, "amt": 0.0}}, {"model": "netIITD.commat", "pk": 91, "fields": {"com": 13, "mat": 7, "amt": 30.0}}, {"model": "netIITD.commat", "pk": 92, "fields": {"com": 14, "mat": 1, "amt": 0.0}}, {"model": "netIITD.commat", "pk": 93, "fields": {"com": 14, "mat": 2, "amt": 0.0}}, {"model": "netIITD.commat", "pk": 94, "fields": {"com": 14, "mat": 3, "amt": 0.0}}, {"model": "netIITD.commat", "pk": 95, "fields": {"com": 14, "mat": 4, "amt": 30.0}}, {"model": "netIITD.commat", "pk": 96, "fields": {"com": 14, "mat": 5, "amt": 0.0}}, {"model": "netIITD.commat", "pk": 97, "fields": {"com": 14, "mat": 6, "amt": 0.0}}, {"model": "netIITD.commat", "pk": 98, "fields": {"com": 14, "mat": 7, "amt": 0.0}}, {"model": "netIITD.commat", "pk": 99, "fields": {"com": 15, "mat": 1, "amt": 0.0}}, {"model": "netIITD.commat", "pk": 100, "fields": {"com": 15, "mat": 2, "amt": 0.0}}, {"model": "netIITD.commat", "pk": 101, "fields": {"com": 15, "mat": 3, "amt": 0.0}}, {"model": "netIITD.commat", "pk": 102, "fields": {"com": 15, "mat": 4, "amt": 0.0}}, {"model": "netIITD.commat", "pk": 103, "fields": {"com": 15, "mat": 5, "amt": 0.0}}, {"model": "netIITD.commat", "pk": 104, "fields": {"com": 15, "mat": 6, "amt": 0.0}}, {"model": "netIITD.commat", "pk": 105, "fields": {"com": 15, "mat": 7, "amt": 30.0}}, {"model": "netIITD.nation", "pk": 1, "fields": {"nation_name": "N1", "nation_money": 100000.0, "prod_units": 3}}, {"model": "netIITD.nation", "pk": 2, "fields": {"nation_name": "N2", "nation_money": 100000.0, "prod_units": 3}}, {"model": "netIITD.nation", "pk": 3, "fields": {"nation_name": "N3", "nation_money": 100000.0, "prod_units": 3}}, {"model": "netIITD.nation", "pk": 4, "fields": {"nation_name": "N4", "nation_money": 100000.0, "prod_units": 3}}, {"model": "netIITD.nation", "pk": 5, "fields": {"nation_name": "N5", "nation_money": 100000.0, "prod_units": 3}}, {"model": "netIITD.bank", "pk": 1, "fields": {"bank_name": "B1", "bank_money": 600000.0, "veto": 100}}, {"model": "netIITD.bank", "pk": 2, "fields": {"bank_name": "B2", "bank_money": 600000.0, "veto": 100}}, {"model": "netIITD.bank", "pk": 3, "fields": {"bank_name": "B3", "bank_money": 600000.0, "veto": 100}}, {"model": "netIITD.banknation", "pk": 1, "fields": {"nation": 1, "bank": 1, "veto_part": 0.0}}, {"model": "netIITD.banknation", "pk": 2, "fields": {"nation": 1, "bank": 2, "veto_part": 0.0}}, {"model": "netIITD.banknation", "pk": 3, "fields": {"nation": 1, "bank": 3, "veto_part": 0.0}}, {"model": "netIITD.banknation", "pk": 4, "fields": {"nation": 2, "bank": 1, "veto_part": 0.0}}, {"model": "netIITD.banknation", "pk": 5, "fields": {"nation": 2, "bank": 2, "veto_part": 0.0}}, {"model": "netIITD.banknation", "pk": 6, "fields": {"nation": 2, "bank": 3, "veto_part": 0.0}}, {"model": "netIITD.banknation", "pk": 7, "fields": {"nation": 3, "bank": 1, "veto_part": 0.0}}, {"model": "netIITD.banknation", "pk": 8, "fields": {"nation": 3, "bank": 2, "veto_part": 0.0}}, {"model": "netIITD.banknation", "pk": 9, "fields": {"nation": 3, "bank": 3, "veto_part": 0.0}}, {"model": "netIITD.banknation", "pk": 10, "fields": {"nation": 4, "bank": 1, "veto_part": 0.0}}, {"model": "netIITD.banknation", "pk": 11, "fields": {"nation": 4, "bank": 2, "veto_part": 0.0}}, {"model": "netIITD.banknation", "pk": 12, "fields": {"nation": 4, "bank": 3, "veto_part": 0.0}}, {"model": "netIITD.banknation", "pk": 13, "fields": {"nation": 5, "bank": 1, "veto_part": 0.0}}, {"model": "netIITD.banknation", "pk": 14, "fields": {"nation": 5, "bank": 2, "veto_part": 0.0}}, {"model": "netIITD.banknation", "pk": 15, "fields": {"nation": 5, "bank": 3, "veto_part": 0.0}}, {"model": "contenttypes.contenttype", "pk": 1, "fields": {"app_label": "netIITD", "model": "material"}}, {"model": "contenttypes.contenttype", "pk": 2, "fields": {"app_label": "netIITD", "model": "company"}}, {"model": "contenttypes.contenttype", "pk": 3, "fields": {"app_label": "netIITD", "model": "bank"}}, {"model": "contenttypes.contenttype", "pk": 4, "fields": {"app_label": "netIITD", "model": "nation"}}, {"model": "contenttypes.contenttype", "pk": 5, "fields": {"app_label": "netIITD", "model": "prodtrans"}}, {"model": "contenttypes.contenttype", "pk": 6, "fields": {"app_label": "netIITD", "model": "banknation"}}, {"model": "contenttypes.contenttype", "pk": 7, "fields": {"app_label": "netIITD", "model": "commat"}}, {"model": "sessions.session", "pk": "b0c69cl1q8kqngufim0ai6sxeyysgwh5", "fields": {"session_data": "NDYxNWEyYTVlNjExYTQ3MzRjZDJkNjkwZTRjMTM4ZmI2NDRhMWFmMDp7Il9hdXRoX3VzZXJfYmFja2VuZCI6ImRqYW5nby5jb250cmliLmF1dGguYmFja2VuZHMuTW9kZWxCYWNrZW5kIiwiX2F1dGhfdXNlcl9pZCI6IjEiLCJfYXV0aF91c2VyX2hhc2giOiI3MDIxYzY1MmJjZWMyZTE1MjU4ZWFmNzRiYmYyMzcyNDE3MTE2MzBmIn0=", "expire_date": "2016-10-07T22:44:14.541Z"}}, {"model": "sessions.session", "pk": "wxbvkua19r1xhdfi3mtiv8z0t4amar8s", "fields": {"session_data": "NDYxNWEyYTVlNjExYTQ3MzRjZDJkNjkwZTRjMTM4ZmI2NDRhMWFmMDp7Il9hdXRoX3VzZXJfYmFja2VuZCI6ImRqYW5nby5jb250cmliLmF1dGguYmFja2VuZHMuTW9kZWxCYWNrZW5kIiwiX2F1dGhfdXNlcl9pZCI6IjEiLCJfYXV0aF91c2VyX2hhc2giOiI3MDIxYzY1MmJjZWMyZTE1MjU4ZWFmNzRiYmYyMzcyNDE3MTE2MzBmIn0=", "expire_date": "2016-10-07T22:02:14.610Z"}}, {"model": "auth.user", "pk": 1, "fields": {"password": "pbkdf2_sha256$30000$I7FBaUXAbeFX$bEiXMWzukOWtM2cpacz3Js/aT9tCTHhk/KkPTrJKeEQ=", "last_login": "2016-09-23T22:44:14.536Z", "is_superuser": true, "username": "prakhar0409", "first_name": "", "last_name": "", "email": "prakhar0409@gmail.com", "is_staff": true, "is_active": true, "date_joined": "2016-09-23T22:02:02.624Z", "groups": [], "user_permissions": []}}, {"model": "admin.logentry", "pk": 1, "fields": {"action_time": "2016-09-23T22:02:43.386Z", "user": 1, "content_type": 1, "object_id": "1", "object_repr": "Agriculture", "action_flag": 1, "change_message": "[{\"added\": {}}]"}}, {"model": "admin.logentry", "pk": 2, "fields": {"action_time": "2016-09-23T22:02:51.451Z", "user": 1, "content_type": 1, "object_id": "2", "object_repr": "Electronics", "action_flag": 1, "change_message": "[{\"added\": {}}]"}}, {"model": "admin.logentry", "pk": 3, "fields": {"action_time": "2016-09-23T22:03:00.762Z", "user": 1, "content_type": 1, "object_id": "3", "object_repr": "Machinery", "action_flag": 1, "change_message": "[{\"added\": {}}]"}}, {"model": "admin.logentry", "pk": 4, "fields": {"action_time": "2016-09-23T22:03:04.889Z", "user": 1, "content_type": 1, "object_id": "4", "object_repr": "Oil", "action_flag": 1, "change_message": "[{\"added\": {}}]"}}, {"model": "admin.logentry", "pk": 5, "fields": {"action_time": "2016-09-23T22:03:09.629Z", "user": 1, "content_type": 1, "object_id": "5", "object_repr": "Pharma", "action_flag": 1, "change_message": "[{\"added\": {}}]"}}, {"model": "admin.logentry", "pk": 6, "fields": {"action_time": "2016-09-23T22:03:13.618Z", "user": 1, "content_type": 1, "object_id": "6", "object_repr": "Steel", "action_flag": 1, "change_message": "[{\"added\": {}}]"}}, {"model": "admin.logentry", "pk": 7, "fields": {"action_time": "2016-09-23T22:03:18.804Z", "user": 1, "content_type": 1, "object_id": "7", "object_repr": "Textile", "action_flag": 1, "change_message": "[{\"added\": {}}]"}}, {"model": "admin.logentry", "pk": 8, "fields": {"action_time": "2016-09-23T22:03:42.753Z", "user": 1, "content_type": 2, "object_id": "1", "object_repr": "A", "action_flag": 1, "change_message": "[{\"added\": {}}]"}}, {"model": "admin.logentry", "pk": 9, "fields": {"action_time": "2016-09-23T22:04:03.150Z", "user": 1, "content_type": 2, "object_id": "2", "object_repr": "A2", "action_flag": 1, "change_message": "[{\"added\": {}}]"}}, {"model": "admin.logentry", "pk": 10, "fields": {"action_time": "2016-09-23T22:04:12.123Z", "user": 1, "content_type": 2, "object_id": "3", "object_repr": "A3", "action_flag": 1, "change_message": "[{\"added\": {}}]"}}, {"model": "admin.logentry", "pk": 11, "fields": {"action_time": "2016-09-23T22:04:17.064Z", "user": 1, "content_type": 2, "object_id": "4", "object_repr": "B1", "action_flag": 1, "change_message": "[{\"added\": {}}]"}}, {"model": "admin.logentry", "pk": 12, "fields": {"action_time": "2016-09-23T22:04:21.755Z", "user": 1, "content_type": 2, "object_id": "5", "object_repr": "B2", "action_flag": 1, "change_message": "[{\"added\": {}}]"}}, {"model": "admin.logentry", "pk": 13, "fields": {"action_time": "2016-09-23T22:04:32.988Z", "user": 1, "content_type": 2, "object_id": "6", "object_repr": "C1", "action_flag": 1, "change_message": "[{\"added\": {}}]"}}, {"model": "admin.logentry", "pk": 14, "fields": {"action_time": "2016-09-23T22:04:37.916Z", "user": 1, "content_type": 2, "object_id": "7", "object_repr": "D1", "action_flag": 1, "change_message": "[{\"added\": {}}]"}}, {"model": "admin.logentry", "pk": 15, "fields": {"action_time": "2016-09-23T22:04:45.868Z", "user": 1, "content_type": 2, "object_id": "8", "object_repr": "E1", "action_flag": 1, "change_message": "[{\"added\": {}}]"}}, {"model": "admin.logentry", "pk": 16, "fields": {"action_time": "2016-09-23T22:05:00.242Z", "user": 1, "content_type": 2, "object_id": "9", "object_repr": "F1", "action_flag": 1, "change_message": "[{\"added\": {}}]"}}, {"model": "admin.logentry", "pk": 17, "fields": {"action_time": "2016-09-23T22:05:08.058Z", "user": 1, "content_type": 2, "object_id": "10", "object_repr": "G1", "action_flag": 1, "change_message": "[{\"added\": {}}]"}}, {"model": "admin.logentry", "pk": 18, "fields": {"action_time": "2016-09-23T22:05:19.649Z", "user": 1, "content_type": 3, "object_id": "1", "object_repr": "B1", "action_flag": 1, "change_message": "[{\"added\": {}}]"}}, {"model": "admin.logentry", "pk": 19, "fields": {"action_time": "2016-09-23T22:05:24.813Z", "user": 1, "content_type": 3, "object_id": "2", "object_repr": "B2", "action_flag": 1, "change_message": "[{\"added\": {}}]"}}, {"model": "admin.logentry", "pk": 20, "fields": {"action_time": "2016-09-23T22:05:27.091Z", "user": 1, "content_type": 3, "object_id": "3", "object_repr": "B3", "action_flag": 1, "change_message": "[{\"added\": {}}]"}}, {"model": "admin.logentry", "pk": 21, "fields": {"action_time": "2016-09-23T22:05:37.047Z", "user": 1, "content_type": 4, "object_id": "1", "object_repr": "N1", "action_flag": 1, "change_message": "[{\"added\": {}}]"}}, {"model": "admin.logentry", "pk": 22, "fields": {"action_time": "2016-09-23T22:05:40.030Z", "user": 1, "content_type": 4, "object_id": "2", "object_repr": "N2", "action_flag": 1, "change_message": "[{\"added\": {}}]"}}, {"model": "admin.logentry", "pk": 23, "fields": {"action_time": "2016-09-23T22:05:44.735Z", "user": 1, "content_type": 4, "object_id": "3", "object_repr": "N3", "action_flag": 1, "change_message": "[{\"added\": {}}]"}}, {"model": "admin.logentry", "pk": 24, "fields": {"action_time": "2016-09-23T22:05:47.666Z", "user": 1, "content_type": 4, "object_id": "4", "object_repr": "N4", "action_flag": 1, "change_message": "[{\"added\": {}}]"}}, {"model": "admin.logentry", "pk": 25, "fields": {"action_time": "2016-09-23T22:05:50.223Z", "user": 1, "content_type": 4, "object_id": "5", "object_repr": "N5", "action_flag": 1, "change_message": "[{\"added\": {}}]"}}, {"model": "admin.logentry", "pk": 26, "fields": {"action_time": "2016-09-24T05:56:43.611Z", "user": 1, "content_type": 2, "object_id": "10", "object_repr": "G1", "action_flag": 3, "change_message": ""}}, {"model": "admin.logentry", "pk": 27, "fields": {"action_time": "2016-09-24T05:56:43.617Z", "user": 1, "content_type": 2, "object_id": "9", "object_repr": "F1", "action_flag": 3, "change_message": ""}}, {"model": "admin.logentry", "pk": 28, "fields": {"action_time": "2016-09-24T05:56:43.625Z", "user": 1, "content_type": 2, "object_id": "8", "object_repr": "E1", "action_flag": 3, "change_message": ""}}, {"model": "admin.logentry", "pk": 29, "fields": {"action_time": "2016-09-24T05:56:43.628Z", "user": 1, "content_type": 2, "object_id": "7", "object_repr": "D1", "action_flag": 3, "change_message": ""}}, {"model": "admin.logentry", "pk": 30, "fields": {"action_time": "2016-09-24T05:56:43.632Z", "user": 1, "content_type": 2, "object_id": "6", "object_repr": "C1", "action_flag": 3, "change_message": ""}}, {"model": "admin.logentry", "pk": 31, "fields": {"action_time": "2016-09-24T05:56:43.636Z", "user": 1, "content_type": 2, "object_id": "5", "object_repr": "B2", "action_flag": 3, "change_message": ""}}, {"model": "admin.logentry", "pk": 32, "fields": {"action_time": "2016-09-24T05:56:43.640Z", "user": 1, "content_type": 2, "object_id": "4", "object_repr": "B1", "action_flag": 3, "change_message": ""}}, {"model": "admin.logentry", "pk": 33, "fields": {"action_time": "2016-09-24T05:56:43.644Z", "user": 1, "content_type": 2, "object_id": "3", "object_repr": "A3", "action_flag": 3, "change_message": ""}}, {"model": "admin.logentry", "pk": 34, "fields": {"action_time": "2016-09-24T05:56:43.648Z", "user": 1, "content_type": 2, "object_id": "2", "object_repr": "A2", "action_flag": 3, "change_message": ""}}, {"model": "admin.logentry", "pk": 35, "fields": {"action_time": "2016-09-24T05:56:43.652Z", "user": 1, "content_type": 2, "object_id": "1", "object_repr": "A", "action_flag": 3, "change_message": ""}}, {"model": "admin.logentry", "pk": 36, "fields": {"action_time": "2016-09-24T05:57:21.236Z", "user": 1, "content_type": 2, "object_id": "11", "object_repr": "i", "action_flag": 1, "change_message": "[{\"added\": {}}]"}}, {"model": "admin.logentry", "pk": 37, "fields": {"action_time": "2016-09-24T05:57:35.024Z", "user": 1, "content_type": 2, "object_id": "12", "object_repr": "jokers", "action_flag": 1, "change_message": "[{\"added\": {}}]"}}, {"model": "admin.logentry", "pk": 38, "fields": {"action_time": "2016-09-24T05:57:49.623Z", "user": 1, "content_type": 2, "object_id": "13", "object_repr": "Codeless", "action_flag": 1, "change_message": "[{\"added\": {}}]"}}, {"model": "admin.logentry", "pk": 39, "fields": {"action_time": "2016-09-24T05:58:12.308Z", "user": 1, "content_type": 2, "object_id": "14", "object_repr": "Gameboy", "action_flag": 1, "change_message": "[{\"added\": {}}]"}}, {"model": "admin.logentry", "pk": 40, "fields": {"action_time": "2016-09-24T05:58:19.900Z", "user": 1, "content_type": 2, "object_id": "15", "object_repr": "Bitches", "action_flag": 1, "change_message": "[{\"added\": {}}]"}}]