[{"model": "netIITD.material", "pk": 1, "fields": {"material_name": "Cotton", "base_price": 1000}}, {"model": "netIITD.material", "pk": 2, "fields": {"material_name": "Grass", "base_price": 1000}}, {"model": "netIITD.material", "pk": 3, "fields": {"material_name": "Wood", "base_price": 1000}}, {"model": "netIITD.material", "pk": 4, "fields": {"material_name": "Beer", "base_price": 1000}}, {"model": "netIITD.material", "pk": 5, "fields": {"material_name": "Stones", "base_price": 1000}}, {"model": "netIITD.material", "pk": 6, "fields": {"material_name": "Milk", "base_price": 1000}}, {"model": "netIITD.material", "pk": 7, "fields": {"material_name": "Meat", "base_price": 1000}}, {"model": "netIITD.company", "pk": 1, "fields": {"com_name": "Tornado", "com_type": 1, "com_money": 26212, "mat1": 0, "mat2": 6, "mat3": 0, "mat4": 10, "mat5": 10, "mat6": 1, "mat7": 1, "prod_units": 12}}, {"model": "netIITD.company", "pk": 2, "fields": {"com_name": "Twisters", "com_type": 2, "com_money": 8809, "mat1": 8, "mat2": 0, "mat3": 2, "mat4": 2, "mat5": 2, "mat6": 2, "mat7": 8, "prod_units": 2}}, {"model": "netIITD.company", "pk": 3, "fields": {"com_name": "Codeless", "com_type": 3, "com_money": 88170, "mat1": 20, "mat2": 13, "mat3": 0, "mat4": 78, "mat5": 78, "mat6": 98, "mat7": 0, "prod_units": 12}}, {"model": "netIITD.company", "pk": 4, "fields": {"com_name": "Lameboy", "com_type": 4, "com_money": 20000, "mat1": 2, "mat2": 2, "mat3": 20, "mat4": 0, "mat5": 20, "mat6": 12, "mat7": 20, "prod_units": 40}}, {"model": "netIITD.company", "pk": 5, "fields": {"com_name": "Bored", "com_type": 5, "com_money": 302100, "mat1": 20, "mat2": 3004, "mat3": 40, "mat4": 40, "mat5": 0, "mat6": 20, "mat7": 20, "prod_units": 100}}, {"model": "netIITD.nation", "pk": 1, "fields": {"nation_name": "N1", "nation_money": 900, "prod_units": 2}}, {"model": "netIITD.nation", "pk": 2, "fields": {"nation_name": "N2", "nation_money": 1900, "prod_units": 3}}, {"model": "netIITD.nation", "pk": 3, "fields": {"nation_name": "N3", "nation_money": 1000, "prod_units": 3}}, {"model": "netIITD.nation", "pk": 4, "fields": {"nation_name": "N4", "nation_money": 8900, "prod_units": 3}}, {"model": "netIITD.nation", "pk": 5, "fields": {"nation_name": "N5", "nation_money": 10000, "prod_units": 3}}, {"model": "netIITD.bank", "pk": 1, "fields": {"bank_name": "SBI", "bank_money": 10102, "veto": 100}}, {"model": "netIITD.bank", "pk": 2, "fields": {"bank_name": "HDFC", "bank_money": 20200, "veto": 80}}, {"model": "netIITD.bank", "pk": 3, "fields": {"bank_name": "Deutsche Bank", "bank_money": 5300, "veto": 80}}, {"model": "netIITD.banknation", "pk": 4, "fields": {"nation": 1, "bank": 1, "veto_part": 100}}, {"model": "netIITD.banknation", "pk": 5, "fields": {"nation": 1, "bank": 2, "veto_part": 0}}, {"model": "netIITD.banknation", "pk": 6, "fields": {"nation": 1, "bank": 3, "veto_part": 10}}, {"model": "netIITD.banknation", "pk": 7, "fields": {"nation": 2, "bank": 1, "veto_part": 0}}, {"model": "netIITD.banknation", "pk": 8, "fields": {"nation": 2, "bank": 2, "veto_part": 20}}, {"model": "netIITD.banknation", "pk": 9, "fields": {"nation": 2, "bank": 3, "veto_part": 0}}, {"model": "netIITD.banknation", "pk": 10, "fields": {"nation": 3, "bank": 1, "veto_part": 0}}, {"model": "netIITD.banknation", "pk": 11, "fields": {"nation": 3, "bank": 2, "veto_part": 0}}, {"model": "netIITD.banknation", "pk": 12, "fields": {"nation": 3, "bank": 3, "veto_part": 0}}, {"model": "netIITD.banknation", "pk": 13, "fields": {"nation": 4, "bank": 1, "veto_part": 0}}, {"model": "netIITD.banknation", "pk": 14, "fields": {"nation": 4, "bank": 2, "veto_part": 0}}, {"model": "netIITD.banknation", "pk": 15, "fields": {"nation": 4, "bank": 3, "veto_part": 10}}, {"model": "netIITD.banknation", "pk": 16, "fields": {"nation": 5, "bank": 1, "veto_part": 0}}, {"model": "netIITD.banknation", "pk": 17, "fields": {"nation": 5, "bank": 2, "veto_part": 0}}, {"model": "netIITD.banknation", "pk": 18, "fields": {"nation": 5, "bank": 3, "veto_part": 0}}, {"model": "netIITD.loantrans", "pk": 1, "fields": {"com": 1, "bank": 1, "ret": 101.0}}, {"model": "netIITD.comrelation", "pk": 1, "fields": {"com_1": 1, "com_2": 2}}, {"model": "netIITD.comrelation", "pk": 2, "fields": {"com_1": 1, "com_2": 3}}, {"model": "netIITD.comrelation", "pk": 3, "fields": {"com_1": 1, "com_2": 4}}, {"model": "netIITD.comrelation", "pk": 4, "fields": {"com_1": 2, "com_2": 3}}, {"model": "netIITD.comrelation", "pk": 5, "fields": {"com_1": 2, "com_2": 4}}, {"model": "netIITD.comrelation", "pk": 6, "fields": {"com_1": 2, "com_2": 5}}, {"model": "netIITD.comrelation", "pk": 7, "fields": {"com_1": 3, "com_2": 4}}, {"model": "netIITD.comrelation", "pk": 8, "fields": {"com_1": 4, "com_2": 5}}, {"model": "netIITD.prodreq", "pk": 1, "fields": {"com": 1, "out": 1, "prod_units": 0, "tim": "2016-09-20T17:08:02.833Z"}}, {"model": "netIITD.prodreq", "pk": 2, "fields": {"com": 1, "out": 1, "prod_units": 0, "tim": "2016-09-20T17:08:47.400Z"}}, {"model": "netIITD.prodreq", "pk": 3, "fields": {"com": 1, "out": 1, "prod_units": 1, "tim": "2016-09-20T17:14:12.736Z"}}, {"model": "netIITD.prodreq", "pk": 4, "fields": {"com": 1, "out": 1, "prod_units": 1, "tim": "2016-09-20T17:29:14.950Z"}}, {"model": "netIITD.prodreq", "pk": 5, "fields": {"com": 1, "out": 1, "prod_units": 1, "tim": "2016-09-20T17:30:48.654Z"}}, {"model": "netIITD.prodreq", "pk": 6, "fields": {"com": 1, "out": 1, "prod_units": 1, "tim": "2016-09-20T17:35:00.050Z"}}, {"model": "netIITD.prodreq", "pk": 7, "fields": {"com": 1, "out": 1, "prod_units": 1, "tim": "2016-09-20T17:35:46.010Z"}}, {"model": "netIITD.prodreq", "pk": 8, "fields": {"com": 2, "out": 2, "prod_units": 1, "tim": "2016-09-20T21:34:41.675Z"}}, {"model": "netIITD.prodtrans", "pk": 1, "fields": {"com1": 1, "com2": 2, "prod_type": 1, "price_per_unit": 10, "prod_units": 10}}, {"model": "netIITD.prodtrans", "pk": 2, "fields": {"com1": 1, "com2": 1, "prod_type": 1, "price_per_unit": 10, "prod_units": 2}}, {"model": "netIITD.prodtrans", "pk": 3, "fields": {"com1": 1, "com2": 2, "prod_type": 1, "price_per_unit": 10, "prod_units": 4}}, {"model": "netIITD.prodtrans", "pk": 4, "fields": {"com1": 2, "com2": 1, "prod_type": 1, "price_per_unit": 100, "prod_units": 10}}, {"model": "netIITD.prodtrans", "pk": 5, "fields": {"com1": 1, "com2": 2, "prod_type": 1, "price_per_unit": 10, "prod_units": 1}}, {"model": "netIITD.prodtrans", "pk": 6, "fields": {"com1": 1, "com2": 1, "prod_type": 1, "price_per_unit": 100, "prod_units": 1}}, {"model": "netIITD.prodtrans", "pk": 7, "fields": {"com1": 1, "com2": 3, "prod_type": 3, "price_per_unit": 2, "prod_units": 1}}, {"model": "netIITD.prodtrans", "pk": 8, "fields": {"com1": 1, "com2": 3, "prod_type": 3, "price_per_unit": 2, "prod_units": 1}}, {"model": "netIITD.prodtrans", "pk": 9, "fields": {"com1": 1, "com2": 3, "prod_type": 3, "price_per_unit": 2, "prod_units": 1}}, {"model": "netIITD.prodtrans", "pk": 10, "fields": {"com1": 1, "com2": 3, "prod_type": 3, "price_per_unit": 2, "prod_units": 1}}, {"model": "netIITD.prodtrans", "pk": 11, "fields": {"com1": 1, "com2": 3, "prod_type": 3, "price_per_unit": 2, "prod_units": 1}}, {"model": "netIITD.prodtrans", "pk": 12, "fields": {"com1": 1, "com2": 3, "prod_type": 3, "price_per_unit": 2, "prod_units": 1}}, {"model": "netIITD.prodtrans", "pk": 13, "fields": {"com1": 1, "com2": 3, "prod_type": 3, "price_per_unit": 2, "prod_units": 1}}, {"model": "netIITD.prodtrans", "pk": 14, "fields": {"com1": 1, "com2": 3, "prod_type": 3, "price_per_unit": 2, "prod_units": 1}}, {"model": "netIITD.prodtrans", "pk": 15, "fields": {"com1": 1, "com2": 2, "prod_type": 2, "price_per_unit": 100, "prod_units": 2}}, {"model": "netIITD.prodtrans", "pk": 16, "fields": {"com1": 1, "com2": 2, "prod_type": 2, "price_per_unit": 100, "prod_units": 2}}, {"model": "netIITD.prodtrans", "pk": 17, "fields": {"com1": 1, "com2": 3, "prod_type": 1, "price_per_unit": 10, "prod_units": 1}}, {"model": "netIITD.prodtrans", "pk": 18, "fields": {"com1": 1, "com2": 4, "prod_type": 1, "price_per_unit": 100, "prod_units": 1}}, {"model": "netIITD.prodtrans", "pk": 19, "fields": {"com1": 1, "com2": 2, "prod_type": 1, "price_per_unit": 10, "prod_units": 2}}, {"model": "netIITD.prodtrans", "pk": 20, "fields": {"com1": 2, "com2": 1, "prod_type": 1, "price_per_unit": 10, "prod_units": 2}}, {"model": "netIITD.prodtrans", "pk": 21, "fields": {"com1": 1, "com2": 3, "prod_type": 1, "price_per_unit": 6, "prod_units": 2}}, {"model": "netIITD.prodtrans", "pk": 22, "fields": {"com1": 3, "com2": 1, "prod_type": 1, "price_per_unit": 3, "prod_units": 4}}, {"model": "netIITD.prodtrans", "pk": 23, "fields": {"com1": 1, "com2": 3, "prod_type": 3, "price_per_unit": 2, "prod_units": 2}}, {"model": "netIITD.prodtrans", "pk": 24, "fields": {"com1": 1, "com2": 2, "prod_type": 1, "price_per_unit": 10, "prod_units": 1}}, {"model": "netIITD.prodtrans", "pk": 25, "fields": {"com1": 1, "com2": 2, "prod_type": 1, "price_per_unit": 10, "prod_units": 1}}, {"model": "netIITD.prodtrans", "pk": 26, "fields": {"com1": 1, "com2": 2, "prod_type": 1, "price_per_unit": 10, "prod_units": 1}}, {"model": "netIITD.prodtrans", "pk": 27, "fields": {"com1": 1, "com2": 2, "prod_type": 1, "price_per_unit": 10, "prod_units": 1}}, {"model": "netIITD.prodtrans", "pk": 28, "fields": {"com1": 1, "com2": 2, "prod_type": 1, "price_per_unit": 1, "prod_units": 1}}, {"model": "netIITD.prodtrans", "pk": 29, "fields": {"com1": 2, "com2": 1, "prod_type": 1, "price_per_unit": 10, "prod_units": 10}}, {"model": "netIITD.prodtrans", "pk": 30, "fields": {"com1": 2, "com2": 1, "prod_type": 1, "price_per_unit": 10, "prod_units": 10}}, {"model": "contenttypes.contenttype", "pk": 1, "fields": {"app_label": "netIITD", "model": "nation"}}, {"model": "contenttypes.contenttype", "pk": 2, "fields": {"app_label": "netIITD", "model": "transfers"}}, {"model": "contenttypes.contenttype", "pk": 3, "fields": {"app_label": "netIITD", "model": "material"}}, {"model": "contenttypes.contenttype", "pk": 4, "fields": {"app_label": "netIITD", "model": "comrelation"}}, {"model": "contenttypes.contenttype", "pk": 5, "fields": {"app_label": "netIITD", "model": "combank"}}, {"model": "contenttypes.contenttype", "pk": 6, "fields": {"app_label": "netIITD", "model": "prodtrans"}}, {"model": "contenttypes.contenttype", "pk": 7, "fields": {"app_label": "netIITD", "model": "bank"}}, {"model": "contenttypes.contenttype", "pk": 8, "fields": {"app_label": "netIITD", "model": "company"}}, {"model": "contenttypes.contenttype", "pk": 9, "fields": {"app_label": "admin", "model": "logentry"}}, {"model": "contenttypes.contenttype", "pk": 10, "fields": {"app_label": "auth", "model": "group"}}, {"model": "contenttypes.contenttype", "pk": 11, "fields": {"app_label": "auth", "model": "user"}}, {"model": "contenttypes.contenttype", "pk": 12, "fields": {"app_label": "auth", "model": "permission"}}, {"model": "contenttypes.contenttype", "pk": 13, "fields": {"app_label": "contenttypes", "model": "contenttype"}}, {"model": "contenttypes.contenttype", "pk": 14, "fields": {"app_label": "sessions", "model": "session"}}, {"model": "contenttypes.contenttype", "pk": 15, "fields": {"app_label": "djcelery", "model": "periodictask"}}, {"model": "contenttypes.contenttype", "pk": 16, "fields": {"app_label": "djcelery", "model": "crontabschedule"}}, {"model": "contenttypes.contenttype", "pk": 17, "fields": {"app_label": "djcelery", "model": "intervalschedule"}}, {"model": "contenttypes.contenttype", "pk": 18, "fields": {"app_label": "djcelery", "model": "periodictasks"}}, {"model": "contenttypes.contenttype", "pk": 19, "fields": {"app_label": "djcelery", "model": "taskmeta"}}, {"model": "contenttypes.contenttype", "pk": 20, "fields": {"app_label": "djcelery", "model": "tasksetmeta"}}, {"model": "contenttypes.contenttype", "pk": 21, "fields": {"app_label": "djcelery", "model": "workerstate"}}, {"model": "contenttypes.contenttype", "pk": 22, "fields": {"app_label": "djcelery", "model": "taskstate"}}, {"model": "contenttypes.contenttype", "pk": 23, "fields": {"app_label": "kombu_transport_django", "model": "queue"}}, {"model": "contenttypes.contenttype", "pk": 24, "fields": {"app_label": "kombu_transport_django", "model": "message"}}, {"model": "contenttypes.contenttype", "pk": 25, "fields": {"app_label": "netIITD", "model": "prodreq"}}, {"model": "contenttypes.contenttype", "pk": 26, "fields": {"app_label": "netIITD", "model": "banknation"}}, {"model": "contenttypes.contenttype", "pk": 27, "fields": {"app_label": "netIITD", "model": "loantrans"}}, {"model": "sessions.session", "pk": "as8y39a2qmpsvbjr9cwoeui85cys76mk", "fields": {"session_data": "YmQxOTU0MDY4ZmE3ZDc4MDA0OTJlNDBjNTgwMTM1OTM3NDI2ZWJmZjp7Il9hdXRoX3VzZXJfYmFja2VuZCI6ImRqYW5nby5jb250cmliLmF1dGguYmFja2VuZHMuTW9kZWxCYWNrZW5kIiwiX2F1dGhfdXNlcl9oYXNoIjoiNTMxOTg2YWUwMjhhZmY5MWQ5MjcyMWY0N2JkY2Y2MWEyYzVkY2U5MSIsIl9hdXRoX3VzZXJfaWQiOiIxIn0=", "expire_date": "2016-10-04T21:23:02.331Z"}}, {"model": "auth.permission", "pk": 1, "fields": {"name": "Can add nation", "content_type": 1, "codename": "add_nation"}}, {"model": "auth.permission", "pk": 2, "fields": {"name": "Can change nation", "content_type": 1, "codename": "change_nation"}}, {"model": "auth.permission", "pk": 3, "fields": {"name": "Can delete nation", "content_type": 1, "codename": "delete_nation"}}, {"model": "auth.permission", "pk": 4, "fields": {"name": "Can add transfers", "content_type": 2, "codename": "add_transfers"}}, {"model": "auth.permission", "pk": 5, "fields": {"name": "Can change transfers", "content_type": 2, "codename": "change_transfers"}}, {"model": "auth.permission", "pk": 6, "fields": {"name": "Can delete transfers", "content_type": 2, "codename": "delete_transfers"}}, {"model": "auth.permission", "pk": 7, "fields": {"name": "Can add material", "content_type": 3, "codename": "add_material"}}, {"model": "auth.permission", "pk": 8, "fields": {"name": "Can change material", "content_type": 3, "codename": "change_material"}}, {"model": "auth.permission", "pk": 9, "fields": {"name": "Can delete material", "content_type": 3, "codename": "delete_material"}}, {"model": "auth.permission", "pk": 10, "fields": {"name": "Can add com relation", "content_type": 4, "codename": "add_comrelation"}}, {"model": "auth.permission", "pk": 11, "fields": {"name": "Can change com relation", "content_type": 4, "codename": "change_comrelation"}}, {"model": "auth.permission", "pk": 12, "fields": {"name": "Can delete com relation", "content_type": 4, "codename": "delete_comrelation"}}, {"model": "auth.permission", "pk": 13, "fields": {"name": "Can add com bank", "content_type": 5, "codename": "add_combank"}}, {"model": "auth.permission", "pk": 14, "fields": {"name": "Can change com bank", "content_type": 5, "codename": "change_combank"}}, {"model": "auth.permission", "pk": 15, "fields": {"name": "Can delete com bank", "content_type": 5, "codename": "delete_combank"}}, {"model": "auth.permission", "pk": 16, "fields": {"name": "Can add prod trans", "content_type": 6, "codename": "add_prodtrans"}}, {"model": "auth.permission", "pk": 17, "fields": {"name": "Can change prod trans", "content_type": 6, "codename": "change_prodtrans"}}, {"model": "auth.permission", "pk": 18, "fields": {"name": "Can delete prod trans", "content_type": 6, "codename": "delete_prodtrans"}}, {"model": "auth.permission", "pk": 19, "fields": {"name": "Can add bank", "content_type": 7, "codename": "add_bank"}}, {"model": "auth.permission", "pk": 20, "fields": {"name": "Can change bank", "content_type": 7, "codename": "change_bank"}}, {"model": "auth.permission", "pk": 21, "fields": {"name": "Can delete bank", "content_type": 7, "codename": "delete_bank"}}, {"model": "auth.permission", "pk": 22, "fields": {"name": "Can add company", "content_type": 8, "codename": "add_company"}}, {"model": "auth.permission", "pk": 23, "fields": {"name": "Can change company", "content_type": 8, "codename": "change_company"}}, {"model": "auth.permission", "pk": 24, "fields": {"name": "Can delete company", "content_type": 8, "codename": "delete_company"}}, {"model": "auth.permission", "pk": 25, "fields": {"name": "Can add log entry", "content_type": 9, "codename": "add_logentry"}}, {"model": "auth.permission", "pk": 26, "fields": {"name": "Can change log entry", "content_type": 9, "codename": "change_logentry"}}, {"model": "auth.permission", "pk": 27, "fields": {"name": "Can delete log entry", "content_type": 9, "codename": "delete_logentry"}}, {"model": "auth.permission", "pk": 28, "fields": {"name": "Can add group", "content_type": 10, "codename": "add_group"}}, {"model": "auth.permission", "pk": 29, "fields": {"name": "Can change group", "content_type": 10, "codename": "change_group"}}, {"model": "auth.permission", "pk": 30, "fields": {"name": "Can delete group", "content_type": 10, "codename": "delete_group"}}, {"model": "auth.permission", "pk": 31, "fields": {"name": "Can add user", "content_type": 11, "codename": "add_user"}}, {"model": "auth.permission", "pk": 32, "fields": {"name": "Can change user", "content_type": 11, "codename": "change_user"}}, {"model": "auth.permission", "pk": 33, "fields": {"name": "Can delete user", "content_type": 11, "codename": "delete_user"}}, {"model": "auth.permission", "pk": 34, "fields": {"name": "Can add permission", "content_type": 12, "codename": "add_permission"}}, {"model": "auth.permission", "pk": 35, "fields": {"name": "Can change permission", "content_type": 12, "codename": "change_permission"}}, {"model": "auth.permission", "pk": 36, "fields": {"name": "Can delete permission", "content_type": 12, "codename": "delete_permission"}}, {"model": "auth.permission", "pk": 37, "fields": {"name": "Can add content type", "content_type": 13, "codename": "add_contenttype"}}, {"model": "auth.permission", "pk": 38, "fields": {"name": "Can change content type", "content_type": 13, "codename": "change_contenttype"}}, {"model": "auth.permission", "pk": 39, "fields": {"name": "Can delete content type", "content_type": 13, "codename": "delete_contenttype"}}, {"model": "auth.permission", "pk": 40, "fields": {"name": "Can add session", "content_type": 14, "codename": "add_session"}}, {"model": "auth.permission", "pk": 41, "fields": {"name": "Can change session", "content_type": 14, "codename": "change_session"}}, {"model": "auth.permission", "pk": 42, "fields": {"name": "Can delete session", "content_type": 14, "codename": "delete_session"}}, {"model": "auth.permission", "pk": 43, "fields": {"name": "Can add periodic task", "content_type": 15, "codename": "add_periodictask"}}, {"model": "auth.permission", "pk": 44, "fields": {"name": "Can change periodic task", "content_type": 15, "codename": "change_periodictask"}}, {"model": "auth.permission", "pk": 45, "fields": {"name": "Can delete periodic task", "content_type": 15, "codename": "delete_periodictask"}}, {"model": "auth.permission", "pk": 46, "fields": {"name": "Can add crontab", "content_type": 16, "codename": "add_crontabschedule"}}, {"model": "auth.permission", "pk": 47, "fields": {"name": "Can change crontab", "content_type": 16, "codename": "change_crontabschedule"}}, {"model": "auth.permission", "pk": 48, "fields": {"name": "Can delete crontab", "content_type": 16, "codename": "delete_crontabschedule"}}, {"model": "auth.permission", "pk": 49, "fields": {"name": "Can add interval", "content_type": 17, "codename": "add_intervalschedule"}}, {"model": "auth.permission", "pk": 50, "fields": {"name": "Can change interval", "content_type": 17, "codename": "change_intervalschedule"}}, {"model": "auth.permission", "pk": 51, "fields": {"name": "Can delete interval", "content_type": 17, "codename": "delete_intervalschedule"}}, {"model": "auth.permission", "pk": 52, "fields": {"name": "Can add periodic tasks", "content_type": 18, "codename": "add_periodictasks"}}, {"model": "auth.permission", "pk": 53, "fields": {"name": "Can change periodic tasks", "content_type": 18, "codename": "change_periodictasks"}}, {"model": "auth.permission", "pk": 54, "fields": {"name": "Can delete periodic tasks", "content_type": 18, "codename": "delete_periodictasks"}}, {"model": "auth.permission", "pk": 55, "fields": {"name": "Can add task state", "content_type": 19, "codename": "add_taskmeta"}}, {"model": "auth.permission", "pk": 56, "fields": {"name": "Can change task state", "content_type": 19, "codename": "change_taskmeta"}}, {"model": "auth.permission", "pk": 57, "fields": {"name": "Can delete task state", "content_type": 19, "codename": "delete_taskmeta"}}, {"model": "auth.permission", "pk": 58, "fields": {"name": "Can add saved group result", "content_type": 20, "codename": "add_tasksetmeta"}}, {"model": "auth.permission", "pk": 59, "fields": {"name": "Can change saved group result", "content_type": 20, "codename": "change_tasksetmeta"}}, {"model": "auth.permission", "pk": 60, "fields": {"name": "Can delete saved group result", "content_type": 20, "codename": "delete_tasksetmeta"}}, {"model": "auth.permission", "pk": 61, "fields": {"name": "Can add worker", "content_type": 21, "codename": "add_workerstate"}}, {"model": "auth.permission", "pk": 62, "fields": {"name": "Can change worker", "content_type": 21, "codename": "change_workerstate"}}, {"model": "auth.permission", "pk": 63, "fields": {"name": "Can delete worker", "content_type": 21, "codename": "delete_workerstate"}}, {"model": "auth.permission", "pk": 64, "fields": {"name": "Can add task", "content_type": 22, "codename": "add_taskstate"}}, {"model": "auth.permission", "pk": 65, "fields": {"name": "Can change task", "content_type": 22, "codename": "change_taskstate"}}, {"model": "auth.permission", "pk": 66, "fields": {"name": "Can delete task", "content_type": 22, "codename": "delete_taskstate"}}, {"model": "auth.permission", "pk": 67, "fields": {"name": "Can add queue", "content_type": 23, "codename": "add_queue"}}, {"model": "auth.permission", "pk": 68, "fields": {"name": "Can change queue", "content_type": 23, "codename": "change_queue"}}, {"model": "auth.permission", "pk": 69, "fields": {"name": "Can delete queue", "content_type": 23, "codename": "delete_queue"}}, {"model": "auth.permission", "pk": 70, "fields": {"name": "Can add message", "content_type": 24, "codename": "add_message"}}, {"model": "auth.permission", "pk": 71, "fields": {"name": "Can change message", "content_type": 24, "codename": "change_message"}}, {"model": "auth.permission", "pk": 72, "fields": {"name": "Can delete message", "content_type": 24, "codename": "delete_message"}}, {"model": "auth.permission", "pk": 73, "fields": {"name": "Can add prod req", "content_type": 25, "codename": "add_prodreq"}}, {"model": "auth.permission", "pk": 74, "fields": {"name": "Can change prod req", "content_type": 25, "codename": "change_prodreq"}}, {"model": "auth.permission", "pk": 75, "fields": {"name": "Can delete prod req", "content_type": 25, "codename": "delete_prodreq"}}, {"model": "auth.permission", "pk": 76, "fields": {"name": "Can add bank nation", "content_type": 26, "codename": "add_banknation"}}, {"model": "auth.permission", "pk": 77, "fields": {"name": "Can change bank nation", "content_type": 26, "codename": "change_banknation"}}, {"model": "auth.permission", "pk": 78, "fields": {"name": "Can delete bank nation", "content_type": 26, "codename": "delete_banknation"}}, {"model": "auth.permission", "pk": 79, "fields": {"name": "Can add loan trans", "content_type": 27, "codename": "add_loantrans"}}, {"model": "auth.permission", "pk": 80, "fields": {"name": "Can change loan trans", "content_type": 27, "codename": "change_loantrans"}}, {"model": "auth.permission", "pk": 81, "fields": {"name": "Can delete loan trans", "content_type": 27, "codename": "delete_loantrans"}}, {"model": "auth.user", "pk": 1, "fields": {"password": "pbkdf2_sha256$30000$51pn6sYkE9ll$2FVCVL0vBFSN59ZnyQ9B8MdlVxytDCe05m6EJs1yJY8=", "last_login": "2016-09-20T21:23:02.327Z", "is_superuser": true, "username": "prakhar0409", "first_name": "", "last_name": "", "email": "prakhar0409@gmail.com", "is_staff": true, "is_active": true, "date_joined": "2016-09-19T18:47:56.420Z", "groups": [], "user_permissions": []}}, {"model": "admin.logentry", "pk": 1, "fields": {"action_time": "2016-09-19T18:48:27.670Z", "user": 1, "content_type": 3, "object_id": "1", "object_repr": "Cotton", "action_flag": 1, "change_message": "[{\"added\": {}}]"}}, {"model": "admin.logentry", "pk": 2, "fields": {"action_time": "2016-09-19T18:48:37.528Z", "user": 1, "content_type": 3, "object_id": "2", "object_repr": "Grass", "action_flag": 1, "change_message": "[{\"added\": {}}]"}}, {"model": "admin.logentry", "pk": 3, "fields": {"action_time": "2016-09-19T18:48:41.216Z", "user": 1, "content_type": 3, "object_id": "3", "object_repr": "Wood", "action_flag": 1, "change_message": "[{\"added\": {}}]"}}, {"model": "admin.logentry", "pk": 4, "fields": {"action_time": "2016-09-19T18:48:44.585Z", "user": 1, "content_type": 3, "object_id": "4", "object_repr": "Beer", "action_flag": 1, "change_message": "[{\"added\": {}}]"}}, {"model": "admin.logentry", "pk": 5, "fields": {"action_time": "2016-09-19T18:48:57.800Z", "user": 1, "content_type": 3, "object_id": "5", "object_repr": "Stones", "action_flag": 1, "change_message": "[{\"added\": {}}]"}}, {"model": "admin.logentry", "pk": 6, "fields": {"action_time": "2016-09-19T18:49:04.387Z", "user": 1, "content_type": 3, "object_id": "6", "object_repr": "Milk", "action_flag": 1, "change_message": "[{\"added\": {}}]"}}, {"model": "admin.logentry", "pk": 7, "fields": {"action_time": "2016-09-19T18:49:08.112Z", "user": 1, "content_type": 3, "object_id": "7", "object_repr": "Meat", "action_flag": 1, "change_message": "[{\"added\": {}}]"}}, {"model": "admin.logentry", "pk": 8, "fields": {"action_time": "2016-09-19T18:49:38.865Z", "user": 1, "content_type": 8, "object_id": "1", "object_repr": "Tornado", "action_flag": 1, "change_message": "[{\"added\": {}}]"}}, {"model": "admin.logentry", "pk": 9, "fields": {"action_time": "2016-09-19T18:49:56.039Z", "user": 1, "content_type": 8, "object_id": "2", "object_repr": "Twisters", "action_flag": 1, "change_message": "[{\"added\": {}}]"}}, {"model": "admin.logentry", "pk": 10, "fields": {"action_time": "2016-09-19T18:50:31.574Z", "user": 1, "content_type": 8, "object_id": "3", "object_repr": "Codeless", "action_flag": 1, "change_message": "[{\"added\": {}}]"}}, {"model": "admin.logentry", "pk": 11, "fields": {"action_time": "2016-09-19T18:51:21.183Z", "user": 1, "content_type": 8, "object_id": "4", "object_repr": "Lameboy", "action_flag": 1, "change_message": "[{\"added\": {}}]"}}, {"model": "admin.logentry", "pk": 12, "fields": {"action_time": "2016-09-19T18:51:48.352Z", "user": 1, "content_type": 8, "object_id": "5", "object_repr": "Bored", "action_flag": 1, "change_message": "[{\"added\": {}}]"}}, {"model": "admin.logentry", "pk": 13, "fields": {"action_time": "2016-09-19T18:52:08.643Z", "user": 1, "content_type": 4, "object_id": "1", "object_repr": "ComRelation object", "action_flag": 1, "change_message": "[{\"added\": {}}]"}}, {"model": "admin.logentry", "pk": 14, "fields": {"action_time": "2016-09-19T18:52:18.595Z", "user": 1, "content_type": 4, "object_id": "2", "object_repr": "ComRelation object", "action_flag": 1, "change_message": "[{\"added\": {}}]"}}, {"model": "admin.logentry", "pk": 15, "fields": {"action_time": "2016-09-19T18:52:25.772Z", "user": 1, "content_type": 4, "object_id": "3", "object_repr": "ComRelation object", "action_flag": 1, "change_message": "[{\"added\": {}}]"}}, {"model": "admin.logentry", "pk": 16, "fields": {"action_time": "2016-09-19T18:52:31.789Z", "user": 1, "content_type": 4, "object_id": "4", "object_repr": "ComRelation object", "action_flag": 1, "change_message": "[{\"added\": {}}]"}}, {"model": "admin.logentry", "pk": 17, "fields": {"action_time": "2016-09-19T18:52:36.582Z", "user": 1, "content_type": 4, "object_id": "5", "object_repr": "ComRelation object", "action_flag": 1, "change_message": "[{\"added\": {}}]"}}, {"model": "admin.logentry", "pk": 18, "fields": {"action_time": "2016-09-19T18:52:41.304Z", "user": 1, "content_type": 4, "object_id": "6", "object_repr": "ComRelation object", "action_flag": 1, "change_message": "[{\"added\": {}}]"}}, {"model": "admin.logentry", "pk": 19, "fields": {"action_time": "2016-09-19T18:52:46.958Z", "user": 1, "content_type": 4, "object_id": "7", "object_repr": "ComRelation object", "action_flag": 1, "change_message": "[{\"added\": {}}]"}}, {"model": "admin.logentry", "pk": 20, "fields": {"action_time": "2016-09-19T18:52:55.058Z", "user": 1, "content_type": 4, "object_id": "8", "object_repr": "ComRelation object", "action_flag": 1, "change_message": "[{\"added\": {}}]"}}, {"model": "admin.logentry", "pk": 21, "fields": {"action_time": "2016-09-20T17:15:45.430Z", "user": 1, "content_type": 16, "object_id": "1", "object_repr": "1 * * * * (m/h/d/dM/MY)", "action_flag": 1, "change_message": "[{\"added\": {}}]"}}, {"model": "admin.logentry", "pk": 22, "fields": {"action_time": "2016-09-20T17:16:26.849Z", "user": 1, "content_type": 16, "object_id": "1", "object_repr": "1 * * * * (m/h/d/dM/MY)", "action_flag": 3, "change_message": ""}}, {"model": "admin.logentry", "pk": 23, "fields": {"action_time": "2016-09-20T18:20:32.085Z", "user": 1, "content_type": 7, "object_id": "1", "object_repr": "SBI", "action_flag": 1, "change_message": "[{\"added\": {}}]"}}, {"model": "admin.logentry", "pk": 24, "fields": {"action_time": "2016-09-20T18:20:41.426Z", "user": 1, "content_type": 7, "object_id": "2", "object_repr": "HDFC", "action_flag": 1, "change_message": "[{\"added\": {}}]"}}, {"model": "admin.logentry", "pk": 25, "fields": {"action_time": "2016-09-20T18:21:18.588Z", "user": 1, "content_type": 7, "object_id": "3", "object_repr": "Deutsche Bank", "action_flag": 1, "change_message": "[{\"added\": {}}]"}}, {"model": "admin.logentry", "pk": 26, "fields": {"action_time": "2016-09-20T18:34:21.867Z", "user": 1, "content_type": 1, "object_id": "1", "object_repr": "N1", "action_flag": 1, "change_message": "[{\"added\": {}}]"}}, {"model": "admin.logentry", "pk": 27, "fields": {"action_time": "2016-09-20T18:34:26.734Z", "user": 1, "content_type": 1, "object_id": "2", "object_repr": "N2", "action_flag": 1, "change_message": "[{\"added\": {}}]"}}, {"model": "admin.logentry", "pk": 28, "fields": {"action_time": "2016-09-20T18:34:31.951Z", "user": 1, "content_type": 1, "object_id": "3", "object_repr": "N3", "action_flag": 1, "change_message": "[{\"added\": {}}]"}}, {"model": "admin.logentry", "pk": 29, "fields": {"action_time": "2016-09-20T18:34:38.053Z", "user": 1, "content_type": 1, "object_id": "4", "object_repr": "N4", "action_flag": 1, "change_message": "[{\"added\": {}}]"}}, {"model": "admin.logentry", "pk": 30, "fields": {"action_time": "2016-09-20T18:34:44.457Z", "user": 1, "content_type": 1, "object_id": "5", "object_repr": "N5", "action_flag": 1, "change_message": "[{\"added\": {}}]"}}, {"model": "admin.logentry", "pk": 31, "fields": {"action_time": "2016-09-20T18:35:02.638Z", "user": 1, "content_type": 26, "object_id": "1", "object_repr": "BankNation object", "action_flag": 1, "change_message": "[{\"added\": {}}]"}}, {"model": "admin.logentry", "pk": 32, "fields": {"action_time": "2016-09-20T18:35:09.455Z", "user": 1, "content_type": 26, "object_id": "2", "object_repr": "BankNation object", "action_flag": 1, "change_message": "[{\"added\": {}}]"}}, {"model": "admin.logentry", "pk": 33, "fields": {"action_time": "2016-09-20T18:35:16.183Z", "user": 1, "content_type": 26, "object_id": "3", "object_repr": "BankNation object", "action_flag": 1, "change_message": "[{\"added\": {}}]"}}, {"model": "admin.logentry", "pk": 34, "fields": {"action_time": "2016-09-20T18:44:58.814Z", "user": 1, "content_type": 26, "object_id": "3", "object_repr": "N3 - HDFC", "action_flag": 2, "change_message": "[{\"changed\": {\"fields\": [\"veto_part\"]}}]"}}, {"model": "admin.logentry", "pk": 35, "fields": {"action_time": "2016-09-20T19:05:46.823Z", "user": 1, "content_type": 26, "object_id": "1", "object_repr": "N1 - SBI", "action_flag": 3, "change_message": ""}}, {"model": "admin.logentry", "pk": 36, "fields": {"action_time": "2016-09-20T19:05:51.228Z", "user": 1, "content_type": 26, "object_id": "2", "object_repr": "N1 - HDFC", "action_flag": 3, "change_message": ""}}, {"model": "admin.logentry", "pk": 37, "fields": {"action_time": "2016-09-20T19:05:55.488Z", "user": 1, "content_type": 26, "object_id": "3", "object_repr": "N3 - HDFC", "action_flag": 3, "change_message": ""}}, {"model": "admin.logentry", "pk": 38, "fields": {"action_time": "2016-09-20T19:12:13.056Z", "user": 1, "content_type": 26, "object_id": "4", "object_repr": "N1 - SBI", "action_flag": 2, "change_message": "[{\"changed\": {\"fields\": [\"veto_part\"]}}]"}}, {"model": "admin.logentry", "pk": 39, "fields": {"action_time": "2016-09-20T21:23:32.442Z", "user": 1, "content_type": 3, "object_id": "8", "object_repr": "gold", "action_flag": 1, "change_message": "[{\"added\": {}}]"}}, {"model": "admin.logentry", "pk": 40, "fields": {"action_time": "2016-09-20T21:24:24.580Z", "user": 1, "content_type": 8, "object_id": "6", "object_repr": "wow", "action_flag": 1, "change_message": "[{\"added\": {}}]"}}, {"model": "admin.logentry", "pk": 41, "fields": {"action_time": "2016-09-20T21:33:28.560Z", "user": 1, "content_type": 3, "object_id": "8", "object_repr": "gold", "action_flag": 3, "change_message": ""}}]